DROP TABLE TOOLTECHNIQUE_KA_PG IF EXISTS;
DROP TABLE INPUT_OUTPUT_KA_PG IF EXISTS;
DROP TABLE TOOLTECHNIQUE IF EXISTS;
DROP TABLE INPUT_OUTPUT IF EXISTS;
DROP TABLE PROCESS IF EXISTS;
DROP TABLE PROCESS_GROUP IF EXISTS;
DROP TABLE KNOWLEDGE_AREA IF EXISTS;
DROP TABLE INPUT_OUTPUT_TEMP IF EXISTS;
DROP TABLE TOOLTECHNIQUE_TEMP IF EXISTS;
DROP TABLE TEMP_ORDER IF EXISTS;

CREATE TABLE KNOWLEDGE_AREA(
  ID INTEGER PRIMARY KEY,
  NAME VARCHAR(100)
  ) ;


CREATE TABLE PROCESS_GROUP(
  ID INTEGER PRIMARY KEY,
  NAME VARCHAR(100)
  ) ;


CREATE TABLE PROCESS(
  ID INTEGER PRIMARY KEY,
  NAME VARCHAR(50),
  KAID INTEGER NOT NULL,
  PGID INTEGER NOT NULL
  ) ;




CREATE TABLE INPUT_OUTPUT(
  ID INTEGER PRIMARY KEY,
  NAME VARCHAR(100)
  );

CREATE TABLE INPUT_OUTPUT_KA_PG(
 ID INTEGER PRIMARY KEY,
 IOID INTEGER NOT NULL,
 KAID INTEGER NOT NULL,
 PGID INTEGER NOT NULL,
 PID INTEGER NOT NULL,
 ORDERID INTEGER NOT NULL,
 ISINPUT INTEGER NOT NULL
);



CREATE TABLE TOOLTECHNIQUE(
  ID INTEGER PRIMARY KEY,
  NAME VARCHAR(100)
  );

CREATE TABLE TOOLTECHNIQUE_KA_PG(
 ID INTEGER PRIMARY KEY,
 TTID INTEGER NOT NULL,
 KAID INTEGER NOT NULL,
 PGID INTEGER NOT NULL,
 PID INTEGER NOT NULL,
 ORDERID INTEGER NOT NULL

);

CREATE TABLE TEMP_ORDER(
  NAME VARCHAR(100),
  ORDERID INTEGER NOT NULL
  );





ALTER TABLE PROCESS ADD FOREIGN KEY(KAID) REFERENCES KNOWLEDGE_AREA(ID);
ALTER TABLE PROCESS ADD FOREIGN KEY(PGID) REFERENCES PROCESS_GROUP(ID);

ALTER TABLE INPUT_OUTPUT_KA_PG ADD FOREIGN KEY(IOID) REFERENCES INPUT_OUTPUT(ID);
ALTER TABLE INPUT_OUTPUT_KA_PG ADD FOREIGN KEY(KAID) REFERENCES KNOWLEDGE_AREA(ID);
ALTER TABLE INPUT_OUTPUT_KA_PG ADD FOREIGN KEY(PGID) REFERENCES PROCESS_GROUP(ID);
ALTER TABLE INPUT_OUTPUT_KA_PG ADD FOREIGN KEY(PID) REFERENCES PROCESS(ID);

ALTER TABLE TOOLTECHNIQUE_KA_PG ADD FOREIGN KEY(TTID) REFERENCES TOOLTECHNIQUE(ID);
ALTER TABLE TOOLTECHNIQUE_KA_PG ADD FOREIGN KEY(KAID) REFERENCES KNOWLEDGE_AREA(ID);
ALTER TABLE TOOLTECHNIQUE_KA_PG ADD FOREIGN KEY(PGID) REFERENCES PROCESS_GROUP(ID);
ALTER TABLE TOOLTECHNIQUE_KA_PG ADD FOREIGN KEY(PID) REFERENCES PROCESS(ID);




INSERT INTO KNOWLEDGE_AREA VALUES(1,'INTEGRATION');
INSERT INTO KNOWLEDGE_AREA VALUES(2,'SCOPE');
INSERT INTO KNOWLEDGE_AREA VALUES(3,'TIME');
INSERT INTO KNOWLEDGE_AREA VALUES(4,'COST');
INSERT INTO KNOWLEDGE_AREA VALUES(5,'QUALITY');
INSERT INTO KNOWLEDGE_AREA VALUES(6,'HUMAN RESOURCE');
INSERT INTO KNOWLEDGE_AREA VALUES(7,'COMMUNICATIONS');
INSERT INTO KNOWLEDGE_AREA VALUES(8,'RISK');
INSERT INTO KNOWLEDGE_AREA VALUES(9,'PROCUREMENT');
INSERT INTO KNOWLEDGE_AREA VALUES(10,'PROJECT STAKEHOLDER');


INSERT INTO PROCESS_GROUP VALUES(1,'INITIATING');
INSERT INTO PROCESS_GROUP VALUES(2,'PLANNING');
INSERT INTO PROCESS_GROUP VALUES(3,'EXECUTING');
INSERT INTO PROCESS_GROUP VALUES(4,'MONITORING AND CONTROLLING');
INSERT INTO PROCESS_GROUP VALUES(5,'CLOSING');



INSERT INTO PROCESS VALUES(1,'DEVELOP PROJECT CHARTER',1,1);
INSERT INTO PROCESS VALUES(2,'DEVELOP PROJECT MANAGEMENT PLAN',1,2);
INSERT INTO PROCESS VALUES(3,'DIRECT AND MANAGE PROJECT EXECUTION',1,3);
INSERT INTO PROCESS VALUES(4,'MONITOR AND CONTROL PROJECT WORK',1,4);
INSERT INTO PROCESS VALUES(5,'PERFORM INTEGRATED CHANGE CONTROL',1,4);
INSERT INTO PROCESS VALUES(6,'CLOSE PROJECT OR PHASE',1,5);


INSERT INTO PROCESS VALUES(7,'PLAN SCOPE MANAGEMENT',2,2);
INSERT INTO PROCESS VALUES(8,'COLLECT REQUIREMENTS',2,2);
INSERT INTO PROCESS VALUES(9,'DEFINE SCOPE',2,2);
INSERT INTO PROCESS VALUES(10,'CREATE WBS',2,2);
INSERT INTO PROCESS VALUES(11,'VALIDATE SCOPE',2,4);
INSERT INTO PROCESS VALUES(12,'CONTROL SCOPE',2,4);


INSERT INTO PROCESS VALUES(13,'PLAN SCHEDULE MANAGEMENT',3,2);
INSERT INTO PROCESS VALUES(14,'DEFINE ACTIVITIES',3,2);
INSERT INTO PROCESS VALUES(15,'SEQUENCE ACTIVITIES',3,2);
INSERT INTO PROCESS VALUES(16,'ESTIMATE ACTIVITY RESOURCES',3,2);
INSERT INTO PROCESS VALUES(17,'ESTIMATE ACTIVITY DURATION',3,2);
INSERT INTO PROCESS VALUES(18,'DEVELOP SCHEDULE',3,2);
INSERT INTO PROCESS VALUES(19,'CONTROL SCHEDULE',3,4);

INSERT INTO PROCESS VALUES(20,'PLAN COST MANAGEMENT',4,2);
INSERT INTO PROCESS VALUES(21,'ESTIMATE COSTS',4,2);
INSERT INTO PROCESS VALUES(22,'DETERMINE BUDGET',4,2);
INSERT INTO PROCESS VALUES(23,'CONTROL COSTS',4,4);


INSERT INTO PROCESS VALUES(24,'PLAN QUALITY',5,2);
INSERT INTO PROCESS VALUES(25,'PERFORM QUALITY ASSURANCE',5,3);
INSERT INTO PROCESS VALUES(26,'QUALITY CONTROL',5,4);


INSERT INTO PROCESS VALUES(27,'PLAN HUMAN RESOURCE MANAGEMENT',6,2);
INSERT INTO PROCESS VALUES(28,'ACQUIRE PROJECT TEAM',6,3);
INSERT INTO PROCESS VALUES(29,'DEVELOP PROJECT TEAM',6,3);
INSERT INTO PROCESS VALUES(30,'MANAGE PROJECT TEAM',6,3);


INSERT INTO PROCESS VALUES(31,'PLAN COMMUNICATIONS MANAGEMENT',7,2);
INSERT INTO PROCESS VALUES(32,'MANAGE COMMUNICATIONS',7,3);
INSERT INTO PROCESS VALUES(33,'CONTROL COMMUNICATIONS',7,4);

INSERT INTO PROCESS VALUES(34,'PLAN RISK MANAGEMENT',8,2);
INSERT INTO PROCESS VALUES(35,'IDENTIFY RISKS',8,2);
INSERT INTO PROCESS VALUES(36,'PERFORM QUALITATIVE RISK ANALYSIS',8,2);
INSERT INTO PROCESS VALUES(37,'PERFROM QUANTITATIVE RISK ANALYSIS',8,2);
INSERT INTO PROCESS VALUES(38,'PLAN RISK RESPONSES',8,2);
INSERT INTO PROCESS VALUES(39,'CONTROL RISKS',8,4);


INSERT INTO PROCESS VALUES(40,'PLAN PROCUREMENT MANAGEMENT',9,2);
INSERT INTO PROCESS VALUES(41,'CONDUCT PROCUREMENTS',9,3);
INSERT INTO PROCESS VALUES(42,'CONTROL PROCUREMENTS',9,4);
INSERT INTO PROCESS VALUES(43,'CLOSE PROCUREMENTS',9,5);



INSERT INTO PROCESS VALUES(44,'IDENTIFY STAKEHOLDERS',10,1);
INSERT INTO PROCESS VALUES(45,'PLAN STAKEHOLDER MANAGEMENT',10,2);
INSERT INTO PROCESS VALUES(46,'MANAGE STAKEHOLDER ENGAGEMENT',10,3);
INSERT INTO PROCESS VALUES(47,'CONTROL STAKEHOLDER ENGAGEMENT',10,4);
commit;

SELECT MAX(ID) AS ID FROM INPUT_OUTPUT_KA_PG;
SELECT ID FROM INPUT_OUTPUT WHERE NAME ='Project statement of work';
SELECT MAX(ID) AS ID FROM INPUT_OUTPUT;
INSERT INTO INPUT_OUTPUT VALUES(1,'Project statement of work');
SELECT MAX(ORDERID) AS ORDERID FROM INPUT_OUTPUT_KA_PG;
INSERT INTO INPUT_OUTPUT_KA_PG VALUES(1,1,1,1,1,1,1);
SELECT MAX(ID) AS ID FROM INPUT_OUTPUT_KA_PG;
SELECT ID FROM INPUT_OUTPUT WHERE NAME ='Project charter';
SELECT MAX(ID) AS ID FROM INPUT_OUTPUT;
INSERT INTO INPUT_OUTPUT VALUES(2,'Project charter');
SELECT MAX(ORDERID) AS ORDERID FROM INPUT_OUTPUT_KA_PG;
INSERT INTO INPUT_OUTPUT_KA_PG VALUES(2,2,1,1,1,2,0);
SELECT MAX(ID) AS ID FROM TOOLTECHNIQUE_KA_PG;
SELECT ID FROM TOOLTECHNIQUE WHERE NAME ='Expert judgment';
SELECT MAX(ID) AS ID FROM TOOLTECHNIQUE;
INSERT INTO TOOLTECHNIQUE VALUES(1,'Expert judgment');
SELECT MAX(ORDERID) AS ORDERID FROM INPUT_OUTPUT_KA_PG;
INSERT INTO TOOLTECHNIQUE_KA_PG VALUES(1,1,1,1,1,3);
SELECT MAX(ID) AS ID FROM INPUT_OUTPUT_KA_PG;
SELECT ID FROM INPUT_OUTPUT WHERE NAME ='Business case';
SELECT MAX(ID) AS ID FROM INPUT_OUTPUT;
INSERT INTO INPUT_OUTPUT VALUES(3,'Business case');
SELECT MAX(ORDERID) AS ORDERID FROM INPUT_OUTPUT_KA_PG;
INSERT INTO INPUT_OUTPUT_KA_PG VALUES(3,3,1,1,1,3,1);
SELECT MAX(ID) AS ID FROM TOOLTECHNIQUE_KA_PG;
SELECT ID FROM TOOLTECHNIQUE WHERE NAME ='Facilitation Techniques';
SELECT MAX(ID) AS ID FROM TOOLTECHNIQUE;
INSERT INTO TOOLTECHNIQUE VALUES(2,'Facilitation Techniques');
SELECT MAX(ORDERID) AS ORDERID FROM INPUT_OUTPUT_KA_PG;
INSERT INTO TOOLTECHNIQUE_KA_PG VALUES(2,2,1,1,1,4);
SELECT MAX(ID) AS ID FROM INPUT_OUTPUT_KA_PG;
SELECT ID FROM INPUT_OUTPUT WHERE NAME ='Agreements';
SELECT MAX(ID) AS ID FROM INPUT_OUTPUT;
INSERT INTO INPUT_OUTPUT VALUES(4,'Agreements');
SELECT MAX(ORDERID) AS ORDERID FROM INPUT_OUTPUT_KA_PG;
INSERT INTO INPUT_OUTPUT_KA_PG VALUES(4,4,1,1,1,4,1);
SELECT MAX(ID) AS ID FROM INPUT_OUTPUT_KA_PG;
SELECT ID FROM INPUT_OUTPUT WHERE NAME ='Enterprise environmental factors';
SELECT MAX(ID) AS ID FROM INPUT_OUTPUT;
INSERT INTO INPUT_OUTPUT VALUES(5,'Enterprise environmental factors');
SELECT MAX(ORDERID) AS ORDERID FROM INPUT_OUTPUT_KA_PG;
INSERT INTO INPUT_OUTPUT_KA_PG VALUES(5,5,1,1,1,5,1);
SELECT MAX(ID) AS ID FROM INPUT_OUTPUT_KA_PG;
SELECT ID FROM INPUT_OUTPUT WHERE NAME ='Organizational process assets';
SELECT MAX(ID) AS ID FROM INPUT_OUTPUT;
INSERT INTO INPUT_OUTPUT VALUES(6,'Organizational process assets');
SELECT MAX(ORDERID) AS ORDERID FROM INPUT_OUTPUT_KA_PG;
INSERT INTO INPUT_OUTPUT_KA_PG VALUES(6,6,1,1,1,6,1);
SELECT MAX(ID) AS ID FROM INPUT_OUTPUT_KA_PG;
SELECT ID FROM INPUT_OUTPUT WHERE NAME ='Project charter';
SELECT MAX(ORDERID) AS ORDERID FROM INPUT_OUTPUT_KA_PG;
INSERT INTO INPUT_OUTPUT_KA_PG VALUES(7,2,1,2,2,7,1);
SELECT MAX(ID) AS ID FROM INPUT_OUTPUT_KA_PG;
SELECT ID FROM INPUT_OUTPUT WHERE NAME ='Project management plan';
SELECT MAX(ID) AS ID FROM INPUT_OUTPUT;
INSERT INTO INPUT_OUTPUT VALUES(7,'Project management plan');
SELECT MAX(ORDERID) AS ORDERID FROM INPUT_OUTPUT_KA_PG;
INSERT INTO INPUT_OUTPUT_KA_PG VALUES(8,7,1,2,2,8,0);
SELECT MAX(ID) AS ID FROM TOOLTECHNIQUE_KA_PG;
SELECT ID FROM TOOLTECHNIQUE WHERE NAME ='Expert judgment';
SELECT MAX(ORDERID) AS ORDERID FROM INPUT_OUTPUT_KA_PG;
INSERT INTO TOOLTECHNIQUE_KA_PG VALUES(3,1,1,2,2,9);
SELECT MAX(ID) AS ID FROM INPUT_OUTPUT_KA_PG;
SELECT ID FROM INPUT_OUTPUT WHERE NAME ='Outputs from other processes';
SELECT MAX(ID) AS ID FROM INPUT_OUTPUT;
INSERT INTO INPUT_OUTPUT VALUES(8,'Outputs from other processes');
SELECT MAX(ORDERID) AS ORDERID FROM INPUT_OUTPUT_KA_PG;
INSERT INTO INPUT_OUTPUT_KA_PG VALUES(9,8,1,2,2,9,1);
SELECT MAX(ID) AS ID FROM TOOLTECHNIQUE_KA_PG;
SELECT ID FROM TOOLTECHNIQUE WHERE NAME ='Facilitation Techniques';
SELECT MAX(ORDERID) AS ORDERID FROM INPUT_OUTPUT_KA_PG;
INSERT INTO TOOLTECHNIQUE_KA_PG VALUES(4,2,1,2,2,10);
SELECT MAX(ID) AS ID FROM INPUT_OUTPUT_KA_PG;
SELECT ID FROM INPUT_OUTPUT WHERE NAME ='Enterprise environmental factors';
SELECT MAX(ORDERID) AS ORDERID FROM INPUT_OUTPUT_KA_PG;
INSERT INTO INPUT_OUTPUT_KA_PG VALUES(10,5,1,2,2,10,1);
SELECT MAX(ID) AS ID FROM INPUT_OUTPUT_KA_PG;
SELECT ID FROM INPUT_OUTPUT WHERE NAME ='Organizational process assets';
SELECT MAX(ORDERID) AS ORDERID FROM INPUT_OUTPUT_KA_PG;
INSERT INTO INPUT_OUTPUT_KA_PG VALUES(11,6,1,2,2,11,1);
SELECT MAX(ID) AS ID FROM INPUT_OUTPUT_KA_PG;
SELECT ID FROM INPUT_OUTPUT WHERE NAME ='Project management plan';
SELECT MAX(ORDERID) AS ORDERID FROM INPUT_OUTPUT_KA_PG;
INSERT INTO INPUT_OUTPUT_KA_PG VALUES(12,7,1,3,3,12,1);
SELECT MAX(ID) AS ID FROM INPUT_OUTPUT_KA_PG;
SELECT ID FROM INPUT_OUTPUT WHERE NAME ='Deliverables';
SELECT MAX(ID) AS ID FROM INPUT_OUTPUT;
INSERT INTO INPUT_OUTPUT VALUES(9,'Deliverables');
SELECT MAX(ORDERID) AS ORDERID FROM INPUT_OUTPUT_KA_PG;
INSERT INTO INPUT_OUTPUT_KA_PG VALUES(13,9,1,3,3,13,0);
SELECT MAX(ID) AS ID FROM TOOLTECHNIQUE_KA_PG;
SELECT ID FROM TOOLTECHNIQUE WHERE NAME ='Expert judgment';
SELECT MAX(ORDERID) AS ORDERID FROM INPUT_OUTPUT_KA_PG;
INSERT INTO TOOLTECHNIQUE_KA_PG VALUES(5,1,1,3,3,14);
SELECT MAX(ID) AS ID FROM INPUT_OUTPUT_KA_PG;
SELECT ID FROM INPUT_OUTPUT WHERE NAME ='Approved change requests';
SELECT MAX(ID) AS ID FROM INPUT_OUTPUT;
INSERT INTO INPUT_OUTPUT VALUES(10,'Approved change requests');
SELECT MAX(ORDERID) AS ORDERID FROM INPUT_OUTPUT_KA_PG;
INSERT INTO INPUT_OUTPUT_KA_PG VALUES(14,10,1,3,3,14,1);
SELECT MAX(ID) AS ID FROM INPUT_OUTPUT_KA_PG;
SELECT ID FROM INPUT_OUTPUT WHERE NAME ='Work performance data';
SELECT MAX(ID) AS ID FROM INPUT_OUTPUT;
INSERT INTO INPUT_OUTPUT VALUES(11,'Work performance data');
SELECT MAX(ORDERID) AS ORDERID FROM INPUT_OUTPUT_KA_PG;
INSERT INTO INPUT_OUTPUT_KA_PG VALUES(15,11,1,3,3,15,0);
SELECT MAX(ID) AS ID FROM TOOLTECHNIQUE_KA_PG;
SELECT ID FROM TOOLTECHNIQUE WHERE NAME ='Project management information system';
SELECT MAX(ID) AS ID FROM TOOLTECHNIQUE;
INSERT INTO TOOLTECHNIQUE VALUES(3,'Project management information system');
SELECT MAX(ORDERID) AS ORDERID FROM INPUT_OUTPUT_KA_PG;
INSERT INTO TOOLTECHNIQUE_KA_PG VALUES(6,3,1,3,3,16);
SELECT MAX(ID) AS ID FROM INPUT_OUTPUT_KA_PG;
SELECT ID FROM INPUT_OUTPUT WHERE NAME ='Enterprise environmental factors';
SELECT MAX(ORDERID) AS ORDERID FROM INPUT_OUTPUT_KA_PG;
INSERT INTO INPUT_OUTPUT_KA_PG VALUES(16,5,1,3,3,16,1);
SELECT MAX(ID) AS ID FROM INPUT_OUTPUT_KA_PG;
SELECT ID FROM INPUT_OUTPUT WHERE NAME ='Change requests';
SELECT MAX(ID) AS ID FROM INPUT_OUTPUT;
INSERT INTO INPUT_OUTPUT VALUES(12,'Change requests');
SELECT MAX(ORDERID) AS ORDERID FROM INPUT_OUTPUT_KA_PG;
INSERT INTO INPUT_OUTPUT_KA_PG VALUES(17,12,1,3,3,17,0);
SELECT MAX(ID) AS ID FROM TOOLTECHNIQUE_KA_PG;
SELECT ID FROM TOOLTECHNIQUE WHERE NAME ='Meetings';
SELECT MAX(ID) AS ID FROM TOOLTECHNIQUE;
INSERT INTO TOOLTECHNIQUE VALUES(4,'Meetings');
SELECT MAX(ORDERID) AS ORDERID FROM INPUT_OUTPUT_KA_PG;
INSERT INTO TOOLTECHNIQUE_KA_PG VALUES(7,4,1,3,3,18);
SELECT MAX(ID) AS ID FROM INPUT_OUTPUT_KA_PG;
SELECT ID FROM INPUT_OUTPUT WHERE NAME ='Organizational process assets';
SELECT MAX(ORDERID) AS ORDERID FROM INPUT_OUTPUT_KA_PG;
INSERT INTO INPUT_OUTPUT_KA_PG VALUES(18,6,1,3,3,18,1);
SELECT MAX(ID) AS ID FROM INPUT_OUTPUT_KA_PG;
SELECT ID FROM INPUT_OUTPUT WHERE NAME ='Project management plan updates';
SELECT MAX(ID) AS ID FROM INPUT_OUTPUT;
INSERT INTO INPUT_OUTPUT VALUES(13,'Project management plan updates');
SELECT MAX(ORDERID) AS ORDERID FROM INPUT_OUTPUT_KA_PG;
INSERT INTO INPUT_OUTPUT_KA_PG VALUES(19,13,1,3,3,19,0);
SELECT MAX(ID) AS ID FROM INPUT_OUTPUT_KA_PG;
SELECT ID FROM INPUT_OUTPUT WHERE NAME ='Project document updates';
SELECT MAX(ID) AS ID FROM INPUT_OUTPUT;
INSERT INTO INPUT_OUTPUT VALUES(14,'Project document updates');
SELECT MAX(ORDERID) AS ORDERID FROM INPUT_OUTPUT_KA_PG;
INSERT INTO INPUT_OUTPUT_KA_PG VALUES(20,14,1,3,3,20,0);
SELECT MAX(ID) AS ID FROM INPUT_OUTPUT_KA_PG;
SELECT ID FROM INPUT_OUTPUT WHERE NAME ='Project management plan';
SELECT MAX(ORDERID) AS ORDERID FROM INPUT_OUTPUT_KA_PG;
INSERT INTO INPUT_OUTPUT_KA_PG VALUES(21,7,1,4,4,21,1);
SELECT MAX(ID) AS ID FROM INPUT_OUTPUT_KA_PG;
SELECT ID FROM INPUT_OUTPUT WHERE NAME ='Change requests';
SELECT MAX(ORDERID) AS ORDERID FROM INPUT_OUTPUT_KA_PG;
INSERT INTO INPUT_OUTPUT_KA_PG VALUES(22,12,1,4,4,22,0);
SELECT MAX(ID) AS ID FROM TOOLTECHNIQUE_KA_PG;
SELECT ID FROM TOOLTECHNIQUE WHERE NAME ='Expert judgment';
SELECT MAX(ORDERID) AS ORDERID FROM INPUT_OUTPUT_KA_PG;
INSERT INTO TOOLTECHNIQUE_KA_PG VALUES(8,1,1,4,4,23);
SELECT MAX(ID) AS ID FROM INPUT_OUTPUT_KA_PG;
SELECT ID FROM INPUT_OUTPUT WHERE NAME ='Schedule forecasts';
SELECT MAX(ID) AS ID FROM INPUT_OUTPUT;
INSERT INTO INPUT_OUTPUT VALUES(15,'Schedule forecasts');
SELECT MAX(ORDERID) AS ORDERID FROM INPUT_OUTPUT_KA_PG;
INSERT INTO INPUT_OUTPUT_KA_PG VALUES(23,15,1,4,4,23,1);
SELECT MAX(ID) AS ID FROM INPUT_OUTPUT_KA_PG;
SELECT ID FROM INPUT_OUTPUT WHERE NAME ='Work performance reports';
SELECT MAX(ID) AS ID FROM INPUT_OUTPUT;
INSERT INTO INPUT_OUTPUT VALUES(16,'Work performance reports');
SELECT MAX(ORDERID) AS ORDERID FROM INPUT_OUTPUT_KA_PG;
INSERT INTO INPUT_OUTPUT_KA_PG VALUES(24,16,1,4,4,24,0);
SELECT MAX(ID) AS ID FROM TOOLTECHNIQUE_KA_PG;
SELECT ID FROM TOOLTECHNIQUE WHERE NAME ='Analytical techniques';
SELECT MAX(ID) AS ID FROM TOOLTECHNIQUE;
INSERT INTO TOOLTECHNIQUE VALUES(5,'Analytical techniques');
SELECT MAX(ORDERID) AS ORDERID FROM INPUT_OUTPUT_KA_PG;
INSERT INTO TOOLTECHNIQUE_KA_PG VALUES(9,5,1,4,4,25);
SELECT MAX(ID) AS ID FROM INPUT_OUTPUT_KA_PG;
SELECT ID FROM INPUT_OUTPUT WHERE NAME ='Cost forecasts';
SELECT MAX(ID) AS ID FROM INPUT_OUTPUT;
INSERT INTO INPUT_OUTPUT VALUES(17,'Cost forecasts');
SELECT MAX(ORDERID) AS ORDERID FROM INPUT_OUTPUT_KA_PG;
INSERT INTO INPUT_OUTPUT_KA_PG VALUES(25,17,1,4,4,25,1);
SELECT MAX(ID) AS ID FROM INPUT_OUTPUT_KA_PG;
SELECT ID FROM INPUT_OUTPUT WHERE NAME ='Project management plan updates';
SELECT MAX(ORDERID) AS ORDERID FROM INPUT_OUTPUT_KA_PG;
INSERT INTO INPUT_OUTPUT_KA_PG VALUES(26,13,1,4,4,26,0);
SELECT MAX(ID) AS ID FROM TOOLTECHNIQUE_KA_PG;
SELECT ID FROM TOOLTECHNIQUE WHERE NAME ='Project management information system';
SELECT MAX(ORDERID) AS ORDERID FROM INPUT_OUTPUT_KA_PG;
INSERT INTO TOOLTECHNIQUE_KA_PG VALUES(10,3,1,4,4,27);
SELECT MAX(ID) AS ID FROM INPUT_OUTPUT_KA_PG;
SELECT ID FROM INPUT_OUTPUT WHERE NAME ='Validated changes';
SELECT MAX(ID) AS ID FROM INPUT_OUTPUT;
INSERT INTO INPUT_OUTPUT VALUES(18,'Validated changes');
SELECT MAX(ORDERID) AS ORDERID FROM INPUT_OUTPUT_KA_PG;
INSERT INTO INPUT_OUTPUT_KA_PG VALUES(27,18,1,4,4,27,1);
SELECT MAX(ID) AS ID FROM INPUT_OUTPUT_KA_PG;
SELECT ID FROM INPUT_OUTPUT WHERE NAME ='Project document updates';
SELECT MAX(ORDERID) AS ORDERID FROM INPUT_OUTPUT_KA_PG;
INSERT INTO INPUT_OUTPUT_KA_PG VALUES(28,14,1,4,4,28,0);
SELECT MAX(ID) AS ID FROM TOOLTECHNIQUE_KA_PG;
SELECT ID FROM TOOLTECHNIQUE WHERE NAME ='Meetings';
SELECT MAX(ORDERID) AS ORDERID FROM INPUT_OUTPUT_KA_PG;
INSERT INTO TOOLTECHNIQUE_KA_PG VALUES(11,4,1,4,4,29);
SELECT MAX(ID) AS ID FROM INPUT_OUTPUT_KA_PG;
SELECT ID FROM INPUT_OUTPUT WHERE NAME ='Work performance information';
SELECT MAX(ID) AS ID FROM INPUT_OUTPUT;
INSERT INTO INPUT_OUTPUT VALUES(19,'Work performance information');
SELECT MAX(ORDERID) AS ORDERID FROM INPUT_OUTPUT_KA_PG;
INSERT INTO INPUT_OUTPUT_KA_PG VALUES(29,19,1,4,4,29,1);
SELECT MAX(ID) AS ID FROM INPUT_OUTPUT_KA_PG;
SELECT ID FROM INPUT_OUTPUT WHERE NAME ='Enterprise environmental factors';
SELECT MAX(ORDERID) AS ORDERID FROM INPUT_OUTPUT_KA_PG;
INSERT INTO INPUT_OUTPUT_KA_PG VALUES(30,5,1,4,4,30,1);
SELECT MAX(ID) AS ID FROM INPUT_OUTPUT_KA_PG;
SELECT ID FROM INPUT_OUTPUT WHERE NAME ='Organizational process assets';
SELECT MAX(ORDERID) AS ORDERID FROM INPUT_OUTPUT_KA_PG;
INSERT INTO INPUT_OUTPUT_KA_PG VALUES(31,6,1,4,4,31,1);
SELECT MAX(ID) AS ID FROM INPUT_OUTPUT_KA_PG;
SELECT ID FROM INPUT_OUTPUT WHERE NAME ='Project management plan';
SELECT MAX(ORDERID) AS ORDERID FROM INPUT_OUTPUT_KA_PG;
INSERT INTO INPUT_OUTPUT_KA_PG VALUES(32,7,1,4,5,32,1);
SELECT MAX(ID) AS ID FROM INPUT_OUTPUT_KA_PG;
SELECT ID FROM INPUT_OUTPUT WHERE NAME ='Approved change requests';
SELECT MAX(ORDERID) AS ORDERID FROM INPUT_OUTPUT_KA_PG;
INSERT INTO INPUT_OUTPUT_KA_PG VALUES(33,10,1,4,5,33,0);
SELECT MAX(ID) AS ID FROM TOOLTECHNIQUE_KA_PG;
SELECT ID FROM TOOLTECHNIQUE WHERE NAME ='Expert judgment';
SELECT MAX(ORDERID) AS ORDERID FROM INPUT_OUTPUT_KA_PG;
INSERT INTO TOOLTECHNIQUE_KA_PG VALUES(12,1,1,4,5,34);
SELECT MAX(ID) AS ID FROM INPUT_OUTPUT_KA_PG;
SELECT ID FROM INPUT_OUTPUT WHERE NAME ='Work performance reports';
SELECT MAX(ORDERID) AS ORDERID FROM INPUT_OUTPUT_KA_PG;
INSERT INTO INPUT_OUTPUT_KA_PG VALUES(34,16,1,4,5,34,1);
SELECT MAX(ID) AS ID FROM INPUT_OUTPUT_KA_PG;
SELECT ID FROM INPUT_OUTPUT WHERE NAME ='Change log';
SELECT MAX(ID) AS ID FROM INPUT_OUTPUT;
INSERT INTO INPUT_OUTPUT VALUES(20,'Change log');
SELECT MAX(ORDERID) AS ORDERID FROM INPUT_OUTPUT_KA_PG;
INSERT INTO INPUT_OUTPUT_KA_PG VALUES(35,20,1,4,5,35,0);
SELECT MAX(ID) AS ID FROM TOOLTECHNIQUE_KA_PG;
SELECT ID FROM TOOLTECHNIQUE WHERE NAME ='Meetings';
SELECT MAX(ORDERID) AS ORDERID FROM INPUT_OUTPUT_KA_PG;
INSERT INTO TOOLTECHNIQUE_KA_PG VALUES(13,4,1,4,5,36);
SELECT MAX(ID) AS ID FROM INPUT_OUTPUT_KA_PG;
SELECT ID FROM INPUT_OUTPUT WHERE NAME ='Change requests';
SELECT MAX(ORDERID) AS ORDERID FROM INPUT_OUTPUT_KA_PG;
INSERT INTO INPUT_OUTPUT_KA_PG VALUES(36,12,1,4,5,36,1);
SELECT MAX(ID) AS ID FROM INPUT_OUTPUT_KA_PG;
SELECT ID FROM INPUT_OUTPUT WHERE NAME ='Project management plan updates';
SELECT MAX(ORDERID) AS ORDERID FROM INPUT_OUTPUT_KA_PG;
INSERT INTO INPUT_OUTPUT_KA_PG VALUES(37,13,1,4,5,37,0);
SELECT MAX(ID) AS ID FROM TOOLTECHNIQUE_KA_PG;
SELECT ID FROM TOOLTECHNIQUE WHERE NAME ='Change control tools';
SELECT MAX(ID) AS ID FROM TOOLTECHNIQUE;
INSERT INTO TOOLTECHNIQUE VALUES(6,'Change control tools');
SELECT MAX(ORDERID) AS ORDERID FROM INPUT_OUTPUT_KA_PG;
INSERT INTO TOOLTECHNIQUE_KA_PG VALUES(14,6,1,4,5,38);
SELECT MAX(ID) AS ID FROM INPUT_OUTPUT_KA_PG;
SELECT ID FROM INPUT_OUTPUT WHERE NAME ='Enterprise environmental factors';
SELECT MAX(ORDERID) AS ORDERID FROM INPUT_OUTPUT_KA_PG;
INSERT INTO INPUT_OUTPUT_KA_PG VALUES(38,5,1,4,5,38,1);
SELECT MAX(ID) AS ID FROM INPUT_OUTPUT_KA_PG;
SELECT ID FROM INPUT_OUTPUT WHERE NAME ='Project document updates';
SELECT MAX(ORDERID) AS ORDERID FROM INPUT_OUTPUT_KA_PG;
INSERT INTO INPUT_OUTPUT_KA_PG VALUES(39,14,1,4,5,39,0);
SELECT MAX(ID) AS ID FROM INPUT_OUTPUT_KA_PG;
SELECT ID FROM INPUT_OUTPUT WHERE NAME ='Organizational process assets';
SELECT MAX(ORDERID) AS ORDERID FROM INPUT_OUTPUT_KA_PG;
INSERT INTO INPUT_OUTPUT_KA_PG VALUES(40,6,1,4,5,40,1);
SELECT MAX(ID) AS ID FROM INPUT_OUTPUT_KA_PG;
SELECT ID FROM INPUT_OUTPUT WHERE NAME ='Project management plan';
SELECT MAX(ORDERID) AS ORDERID FROM INPUT_OUTPUT_KA_PG;
INSERT INTO INPUT_OUTPUT_KA_PG VALUES(41,7,1,5,6,41,1);
SELECT MAX(ID) AS ID FROM INPUT_OUTPUT_KA_PG;
SELECT ID FROM INPUT_OUTPUT WHERE NAME ='Final product, service, or result transition';
SELECT MAX(ID) AS ID FROM INPUT_OUTPUT;
INSERT INTO INPUT_OUTPUT VALUES(21,'Final product, service, or result transition');
SELECT MAX(ORDERID) AS ORDERID FROM INPUT_OUTPUT_KA_PG;
INSERT INTO INPUT_OUTPUT_KA_PG VALUES(42,21,1,5,6,42,0);
SELECT MAX(ID) AS ID FROM TOOLTECHNIQUE_KA_PG;
SELECT ID FROM TOOLTECHNIQUE WHERE NAME ='Expert judgment';
SELECT MAX(ORDERID) AS ORDERID FROM INPUT_OUTPUT_KA_PG;
INSERT INTO TOOLTECHNIQUE_KA_PG VALUES(15,1,1,5,6,43);
SELECT MAX(ID) AS ID FROM INPUT_OUTPUT_KA_PG;
SELECT ID FROM INPUT_OUTPUT WHERE NAME ='Accepted Deliverables';
SELECT MAX(ID) AS ID FROM INPUT_OUTPUT;
INSERT INTO INPUT_OUTPUT VALUES(22,'Accepted Deliverables');
SELECT MAX(ORDERID) AS ORDERID FROM INPUT_OUTPUT_KA_PG;
INSERT INTO INPUT_OUTPUT_KA_PG VALUES(43,22,1,5,6,43,1);
SELECT MAX(ID) AS ID FROM INPUT_OUTPUT_KA_PG;
SELECT ID FROM INPUT_OUTPUT WHERE NAME ='Organizational process assets updates';
SELECT MAX(ID) AS ID FROM INPUT_OUTPUT;
INSERT INTO INPUT_OUTPUT VALUES(23,'Organizational process assets updates');
SELECT MAX(ORDERID) AS ORDERID FROM INPUT_OUTPUT_KA_PG;
INSERT INTO INPUT_OUTPUT_KA_PG VALUES(44,23,1,5,6,44,0);
SELECT MAX(ID) AS ID FROM TOOLTECHNIQUE_KA_PG;
SELECT ID FROM TOOLTECHNIQUE WHERE NAME ='Analytical techniques';
SELECT MAX(ORDERID) AS ORDERID FROM INPUT_OUTPUT_KA_PG;
INSERT INTO TOOLTECHNIQUE_KA_PG VALUES(16,5,1,5,6,45);
SELECT MAX(ID) AS ID FROM INPUT_OUTPUT_KA_PG;
SELECT ID FROM INPUT_OUTPUT WHERE NAME ='Organizational process assets';
SELECT MAX(ORDERID) AS ORDERID FROM INPUT_OUTPUT_KA_PG;
INSERT INTO INPUT_OUTPUT_KA_PG VALUES(45,6,1,5,6,45,1);
SELECT MAX(ID) AS ID FROM TOOLTECHNIQUE_KA_PG;
SELECT ID FROM TOOLTECHNIQUE WHERE NAME ='Meetings';
SELECT MAX(ORDERID) AS ORDERID FROM INPUT_OUTPUT_KA_PG;
INSERT INTO TOOLTECHNIQUE_KA_PG VALUES(17,4,1,5,6,46);
SELECT MAX(ID) AS ID FROM INPUT_OUTPUT_KA_PG;
SELECT ID FROM INPUT_OUTPUT WHERE NAME ='Project Management Plan';
SELECT MAX(ID) AS ID FROM INPUT_OUTPUT;
INSERT INTO INPUT_OUTPUT VALUES(24,'Project Management Plan');
SELECT MAX(ORDERID) AS ORDERID FROM INPUT_OUTPUT_KA_PG;
INSERT INTO INPUT_OUTPUT_KA_PG VALUES(46,24,2,2,7,46,1);
SELECT MAX(ID) AS ID FROM INPUT_OUTPUT_KA_PG;
SELECT ID FROM INPUT_OUTPUT WHERE NAME ='Scope management plan';
SELECT MAX(ID) AS ID FROM INPUT_OUTPUT;
INSERT INTO INPUT_OUTPUT VALUES(25,'Scope management plan');
SELECT MAX(ORDERID) AS ORDERID FROM INPUT_OUTPUT_KA_PG;
INSERT INTO INPUT_OUTPUT_KA_PG VALUES(47,25,2,2,7,47,0);
SELECT MAX(ID) AS ID FROM TOOLTECHNIQUE_KA_PG;
SELECT ID FROM TOOLTECHNIQUE WHERE NAME ='Expert judgement';
SELECT MAX(ID) AS ID FROM TOOLTECHNIQUE;
INSERT INTO TOOLTECHNIQUE VALUES(7,'Expert judgement');
SELECT MAX(ORDERID) AS ORDERID FROM INPUT_OUTPUT_KA_PG;
INSERT INTO TOOLTECHNIQUE_KA_PG VALUES(18,7,2,2,7,48);
SELECT MAX(ID) AS ID FROM INPUT_OUTPUT_KA_PG;
SELECT ID FROM INPUT_OUTPUT WHERE NAME ='Project charter';
SELECT MAX(ORDERID) AS ORDERID FROM INPUT_OUTPUT_KA_PG;
INSERT INTO INPUT_OUTPUT_KA_PG VALUES(48,2,2,2,7,48,1);
SELECT MAX(ID) AS ID FROM INPUT_OUTPUT_KA_PG;
SELECT ID FROM INPUT_OUTPUT WHERE NAME ='Requirements management plan';
SELECT MAX(ID) AS ID FROM INPUT_OUTPUT;
INSERT INTO INPUT_OUTPUT VALUES(26,'Requirements management plan');
SELECT MAX(ORDERID) AS ORDERID FROM INPUT_OUTPUT_KA_PG;
INSERT INTO INPUT_OUTPUT_KA_PG VALUES(49,26,2,2,7,49,0);
SELECT MAX(ID) AS ID FROM TOOLTECHNIQUE_KA_PG;
SELECT ID FROM TOOLTECHNIQUE WHERE NAME ='Meetings';
SELECT MAX(ORDERID) AS ORDERID FROM INPUT_OUTPUT_KA_PG;
INSERT INTO TOOLTECHNIQUE_KA_PG VALUES(19,4,2,2,7,50);
SELECT MAX(ID) AS ID FROM INPUT_OUTPUT_KA_PG;
SELECT ID FROM INPUT_OUTPUT WHERE NAME ='Enterprise environmental factors';
SELECT MAX(ORDERID) AS ORDERID FROM INPUT_OUTPUT_KA_PG;
INSERT INTO INPUT_OUTPUT_KA_PG VALUES(50,5,2,2,7,50,1);
SELECT MAX(ID) AS ID FROM INPUT_OUTPUT_KA_PG;
SELECT ID FROM INPUT_OUTPUT WHERE NAME ='Organizational process assets';
SELECT MAX(ORDERID) AS ORDERID FROM INPUT_OUTPUT_KA_PG;
INSERT INTO INPUT_OUTPUT_KA_PG VALUES(51,6,2,2,7,51,1);
SELECT MAX(ID) AS ID FROM INPUT_OUTPUT_KA_PG;
SELECT ID FROM INPUT_OUTPUT WHERE NAME ='Scope management plan';
SELECT MAX(ORDERID) AS ORDERID FROM INPUT_OUTPUT_KA_PG;
INSERT INTO INPUT_OUTPUT_KA_PG VALUES(52,25,2,2,8,52,1);
SELECT MAX(ID) AS ID FROM INPUT_OUTPUT_KA_PG;
SELECT ID FROM INPUT_OUTPUT WHERE NAME ='Requirements documentation';
SELECT MAX(ID) AS ID FROM INPUT_OUTPUT;
INSERT INTO INPUT_OUTPUT VALUES(27,'Requirements documentation');
SELECT MAX(ORDERID) AS ORDERID FROM INPUT_OUTPUT_KA_PG;
INSERT INTO INPUT_OUTPUT_KA_PG VALUES(53,27,2,2,8,53,0);
SELECT MAX(ID) AS ID FROM TOOLTECHNIQUE_KA_PG;
SELECT ID FROM TOOLTECHNIQUE WHERE NAME ='Interviews';
SELECT MAX(ID) AS ID FROM TOOLTECHNIQUE;
INSERT INTO TOOLTECHNIQUE VALUES(8,'Interviews');
SELECT MAX(ORDERID) AS ORDERID FROM INPUT_OUTPUT_KA_PG;
INSERT INTO TOOLTECHNIQUE_KA_PG VALUES(20,8,2,2,8,54);
SELECT MAX(ID) AS ID FROM INPUT_OUTPUT_KA_PG;
SELECT ID FROM INPUT_OUTPUT WHERE NAME ='Requirements management plan';
SELECT MAX(ORDERID) AS ORDERID FROM INPUT_OUTPUT_KA_PG;
INSERT INTO INPUT_OUTPUT_KA_PG VALUES(54,26,2,2,8,54,1);
SELECT MAX(ID) AS ID FROM INPUT_OUTPUT_KA_PG;
SELECT ID FROM INPUT_OUTPUT WHERE NAME ='Requirements traceability matrix';
SELECT MAX(ID) AS ID FROM INPUT_OUTPUT;
INSERT INTO INPUT_OUTPUT VALUES(28,'Requirements traceability matrix');
SELECT MAX(ORDERID) AS ORDERID FROM INPUT_OUTPUT_KA_PG;
INSERT INTO INPUT_OUTPUT_KA_PG VALUES(55,28,2,2,8,55,0);
SELECT MAX(ID) AS ID FROM TOOLTECHNIQUE_KA_PG;
SELECT ID FROM TOOLTECHNIQUE WHERE NAME ='Focus groups';
SELECT MAX(ID) AS ID FROM TOOLTECHNIQUE;
INSERT INTO TOOLTECHNIQUE VALUES(9,'Focus groups');
SELECT MAX(ORDERID) AS ORDERID FROM INPUT_OUTPUT_KA_PG;
INSERT INTO TOOLTECHNIQUE_KA_PG VALUES(21,9,2,2,8,56);
SELECT MAX(ID) AS ID FROM INPUT_OUTPUT_KA_PG;
SELECT ID FROM INPUT_OUTPUT WHERE NAME ='Stakeholder management plan';
SELECT MAX(ID) AS ID FROM INPUT_OUTPUT;
INSERT INTO INPUT_OUTPUT VALUES(29,'Stakeholder management plan');
SELECT MAX(ORDERID) AS ORDERID FROM INPUT_OUTPUT_KA_PG;
INSERT INTO INPUT_OUTPUT_KA_PG VALUES(56,29,2,2,8,56,1);
SELECT MAX(ID) AS ID FROM TOOLTECHNIQUE_KA_PG;
SELECT ID FROM TOOLTECHNIQUE WHERE NAME ='Facilitated workshops';
SELECT MAX(ID) AS ID FROM TOOLTECHNIQUE;
INSERT INTO TOOLTECHNIQUE VALUES(10,'Facilitated workshops');
SELECT MAX(ORDERID) AS ORDERID FROM INPUT_OUTPUT_KA_PG;
INSERT INTO TOOLTECHNIQUE_KA_PG VALUES(22,10,2,2,8,57);
SELECT MAX(ID) AS ID FROM INPUT_OUTPUT_KA_PG;
SELECT ID FROM INPUT_OUTPUT WHERE NAME ='Project charter';
SELECT MAX(ORDERID) AS ORDERID FROM INPUT_OUTPUT_KA_PG;
INSERT INTO INPUT_OUTPUT_KA_PG VALUES(57,2,2,2,8,57,1);
SELECT MAX(ID) AS ID FROM TOOLTECHNIQUE_KA_PG;
SELECT ID FROM TOOLTECHNIQUE WHERE NAME ='Group creativity techniques';
SELECT MAX(ID) AS ID FROM TOOLTECHNIQUE;
INSERT INTO TOOLTECHNIQUE VALUES(11,'Group creativity techniques');
SELECT MAX(ORDERID) AS ORDERID FROM INPUT_OUTPUT_KA_PG;
INSERT INTO TOOLTECHNIQUE_KA_PG VALUES(23,11,2,2,8,58);
SELECT MAX(ID) AS ID FROM INPUT_OUTPUT_KA_PG;
SELECT ID FROM INPUT_OUTPUT WHERE NAME ='Stakeholder register';
SELECT MAX(ID) AS ID FROM INPUT_OUTPUT;
INSERT INTO INPUT_OUTPUT VALUES(30,'Stakeholder register');
SELECT MAX(ORDERID) AS ORDERID FROM INPUT_OUTPUT_KA_PG;
INSERT INTO INPUT_OUTPUT_KA_PG VALUES(58,30,2,2,8,58,1);
SELECT MAX(ID) AS ID FROM TOOLTECHNIQUE_KA_PG;
SELECT ID FROM TOOLTECHNIQUE WHERE NAME ='Group decision making techniques';
SELECT MAX(ID) AS ID FROM TOOLTECHNIQUE;
INSERT INTO TOOLTECHNIQUE VALUES(12,'Group decision making techniques');
SELECT MAX(ORDERID) AS ORDERID FROM INPUT_OUTPUT_KA_PG;
INSERT INTO TOOLTECHNIQUE_KA_PG VALUES(24,12,2,2,8,59);
SELECT MAX(ID) AS ID FROM TOOLTECHNIQUE_KA_PG;
SELECT ID FROM TOOLTECHNIQUE WHERE NAME ='Questionnaires and surveys';
SELECT MAX(ID) AS ID FROM TOOLTECHNIQUE;
INSERT INTO TOOLTECHNIQUE VALUES(13,'Questionnaires and surveys');
SELECT MAX(ORDERID) AS ORDERID FROM INPUT_OUTPUT_KA_PG;
INSERT INTO TOOLTECHNIQUE_KA_PG VALUES(25,13,2,2,8,59);
SELECT MAX(ID) AS ID FROM TOOLTECHNIQUE_KA_PG;
SELECT ID FROM TOOLTECHNIQUE WHERE NAME ='Observations';
SELECT MAX(ID) AS ID FROM TOOLTECHNIQUE;
INSERT INTO TOOLTECHNIQUE VALUES(14,'Observations');
SELECT MAX(ORDERID) AS ORDERID FROM INPUT_OUTPUT_KA_PG;
INSERT INTO TOOLTECHNIQUE_KA_PG VALUES(26,14,2,2,8,59);
SELECT MAX(ID) AS ID FROM TOOLTECHNIQUE_KA_PG;
SELECT ID FROM TOOLTECHNIQUE WHERE NAME ='Prototypes';
SELECT MAX(ID) AS ID FROM TOOLTECHNIQUE;
INSERT INTO TOOLTECHNIQUE VALUES(15,'Prototypes');
SELECT MAX(ORDERID) AS ORDERID FROM INPUT_OUTPUT_KA_PG;
INSERT INTO TOOLTECHNIQUE_KA_PG VALUES(27,15,2,2,8,59);
SELECT MAX(ID) AS ID FROM TOOLTECHNIQUE_KA_PG;
SELECT ID FROM TOOLTECHNIQUE WHERE NAME ='Benchmarking';
SELECT MAX(ID) AS ID FROM TOOLTECHNIQUE;
INSERT INTO TOOLTECHNIQUE VALUES(16,'Benchmarking');
SELECT MAX(ORDERID) AS ORDERID FROM INPUT_OUTPUT_KA_PG;
INSERT INTO TOOLTECHNIQUE_KA_PG VALUES(28,16,2,2,8,59);
SELECT MAX(ID) AS ID FROM TOOLTECHNIQUE_KA_PG;
SELECT ID FROM TOOLTECHNIQUE WHERE NAME ='Context diagrams';
SELECT MAX(ID) AS ID FROM TOOLTECHNIQUE;
INSERT INTO TOOLTECHNIQUE VALUES(17,'Context diagrams');
SELECT MAX(ORDERID) AS ORDERID FROM INPUT_OUTPUT_KA_PG;
INSERT INTO TOOLTECHNIQUE_KA_PG VALUES(29,17,2,2,8,59);
SELECT MAX(ID) AS ID FROM TOOLTECHNIQUE_KA_PG;
SELECT ID FROM TOOLTECHNIQUE WHERE NAME ='Document analysis';
SELECT MAX(ID) AS ID FROM TOOLTECHNIQUE;
INSERT INTO TOOLTECHNIQUE VALUES(18,'Document analysis');
SELECT MAX(ORDERID) AS ORDERID FROM INPUT_OUTPUT_KA_PG;
INSERT INTO TOOLTECHNIQUE_KA_PG VALUES(30,18,2,2,8,59);
SELECT MAX(ID) AS ID FROM INPUT_OUTPUT_KA_PG;
SELECT ID FROM INPUT_OUTPUT WHERE NAME ='Scope management plan';
SELECT MAX(ORDERID) AS ORDERID FROM INPUT_OUTPUT_KA_PG;
INSERT INTO INPUT_OUTPUT_KA_PG VALUES(59,25,2,2,9,59,1);
SELECT MAX(ID) AS ID FROM INPUT_OUTPUT_KA_PG;
SELECT ID FROM INPUT_OUTPUT WHERE NAME ='Project scope statement';
SELECT MAX(ID) AS ID FROM INPUT_OUTPUT;
INSERT INTO INPUT_OUTPUT VALUES(31,'Project scope statement');
SELECT MAX(ORDERID) AS ORDERID FROM INPUT_OUTPUT_KA_PG;
INSERT INTO INPUT_OUTPUT_KA_PG VALUES(60,31,2,2,9,60,0);
SELECT MAX(ID) AS ID FROM TOOLTECHNIQUE_KA_PG;
SELECT ID FROM TOOLTECHNIQUE WHERE NAME ='Expert judgment';
SELECT MAX(ORDERID) AS ORDERID FROM INPUT_OUTPUT_KA_PG;
INSERT INTO TOOLTECHNIQUE_KA_PG VALUES(31,1,2,2,9,61);
SELECT MAX(ID) AS ID FROM INPUT_OUTPUT_KA_PG;
SELECT ID FROM INPUT_OUTPUT WHERE NAME ='Project charter';
SELECT MAX(ORDERID) AS ORDERID FROM INPUT_OUTPUT_KA_PG;
INSERT INTO INPUT_OUTPUT_KA_PG VALUES(61,2,2,2,9,61,1);
SELECT MAX(ID) AS ID FROM INPUT_OUTPUT_KA_PG;
SELECT ID FROM INPUT_OUTPUT WHERE NAME ='Project document updates';
SELECT MAX(ORDERID) AS ORDERID FROM INPUT_OUTPUT_KA_PG;
INSERT INTO INPUT_OUTPUT_KA_PG VALUES(62,14,2,2,9,62,0);
SELECT MAX(ID) AS ID FROM TOOLTECHNIQUE_KA_PG;
SELECT ID FROM TOOLTECHNIQUE WHERE NAME ='Product Analysis';
SELECT MAX(ID) AS ID FROM TOOLTECHNIQUE;
INSERT INTO TOOLTECHNIQUE VALUES(19,'Product Analysis');
SELECT MAX(ORDERID) AS ORDERID FROM INPUT_OUTPUT_KA_PG;
INSERT INTO TOOLTECHNIQUE_KA_PG VALUES(32,19,2,2,9,63);
SELECT MAX(ID) AS ID FROM INPUT_OUTPUT_KA_PG;
SELECT ID FROM INPUT_OUTPUT WHERE NAME ='Requirements documentation';
SELECT MAX(ORDERID) AS ORDERID FROM INPUT_OUTPUT_KA_PG;
INSERT INTO INPUT_OUTPUT_KA_PG VALUES(63,27,2,2,9,63,1);
SELECT MAX(ID) AS ID FROM TOOLTECHNIQUE_KA_PG;
SELECT ID FROM TOOLTECHNIQUE WHERE NAME ='Alternatives generation';
SELECT MAX(ID) AS ID FROM TOOLTECHNIQUE;
INSERT INTO TOOLTECHNIQUE VALUES(20,'Alternatives generation');
SELECT MAX(ORDERID) AS ORDERID FROM INPUT_OUTPUT_KA_PG;
INSERT INTO TOOLTECHNIQUE_KA_PG VALUES(33,20,2,2,9,64);
SELECT MAX(ID) AS ID FROM INPUT_OUTPUT_KA_PG;
SELECT ID FROM INPUT_OUTPUT WHERE NAME ='Organizational process assets';
SELECT MAX(ORDERID) AS ORDERID FROM INPUT_OUTPUT_KA_PG;
INSERT INTO INPUT_OUTPUT_KA_PG VALUES(64,6,2,2,9,64,1);
SELECT MAX(ID) AS ID FROM TOOLTECHNIQUE_KA_PG;
SELECT ID FROM TOOLTECHNIQUE WHERE NAME ='Facilitated workshops';
SELECT MAX(ORDERID) AS ORDERID FROM INPUT_OUTPUT_KA_PG;
INSERT INTO TOOLTECHNIQUE_KA_PG VALUES(34,10,2,2,9,65);
SELECT MAX(ID) AS ID FROM INPUT_OUTPUT_KA_PG;
SELECT ID FROM INPUT_OUTPUT WHERE NAME ='Scope management plan';
SELECT MAX(ORDERID) AS ORDERID FROM INPUT_OUTPUT_KA_PG;
INSERT INTO INPUT_OUTPUT_KA_PG VALUES(65,25,2,2,10,65,1);
SELECT MAX(ID) AS ID FROM INPUT_OUTPUT_KA_PG;
SELECT ID FROM INPUT_OUTPUT WHERE NAME ='Scope baseline';
SELECT MAX(ID) AS ID FROM INPUT_OUTPUT;
INSERT INTO INPUT_OUTPUT VALUES(32,'Scope baseline');
SELECT MAX(ORDERID) AS ORDERID FROM INPUT_OUTPUT_KA_PG;
INSERT INTO INPUT_OUTPUT_KA_PG VALUES(66,32,2,2,10,66,0);
SELECT MAX(ID) AS ID FROM TOOLTECHNIQUE_KA_PG;
SELECT ID FROM TOOLTECHNIQUE WHERE NAME ='Decomposition';
SELECT MAX(ID) AS ID FROM TOOLTECHNIQUE;
INSERT INTO TOOLTECHNIQUE VALUES(21,'Decomposition');
SELECT MAX(ORDERID) AS ORDERID FROM INPUT_OUTPUT_KA_PG;
INSERT INTO TOOLTECHNIQUE_KA_PG VALUES(35,21,2,2,10,67);
SELECT MAX(ID) AS ID FROM INPUT_OUTPUT_KA_PG;
SELECT ID FROM INPUT_OUTPUT WHERE NAME ='Project scope statement';
SELECT MAX(ORDERID) AS ORDERID FROM INPUT_OUTPUT_KA_PG;
INSERT INTO INPUT_OUTPUT_KA_PG VALUES(67,31,2,2,10,67,1);
SELECT MAX(ID) AS ID FROM INPUT_OUTPUT_KA_PG;
SELECT ID FROM INPUT_OUTPUT WHERE NAME ='Project document updates';
SELECT MAX(ORDERID) AS ORDERID FROM INPUT_OUTPUT_KA_PG;
INSERT INTO INPUT_OUTPUT_KA_PG VALUES(68,14,2,2,10,68,0);
SELECT MAX(ID) AS ID FROM TOOLTECHNIQUE_KA_PG;
SELECT ID FROM TOOLTECHNIQUE WHERE NAME ='Expert judgement';
SELECT MAX(ORDERID) AS ORDERID FROM INPUT_OUTPUT_KA_PG;
INSERT INTO TOOLTECHNIQUE_KA_PG VALUES(36,7,2,2,10,69);
SELECT MAX(ID) AS ID FROM INPUT_OUTPUT_KA_PG;
SELECT ID FROM INPUT_OUTPUT WHERE NAME ='Requirements documentation';
SELECT MAX(ORDERID) AS ORDERID FROM INPUT_OUTPUT_KA_PG;
INSERT INTO INPUT_OUTPUT_KA_PG VALUES(69,27,2,2,10,69,1);
SELECT MAX(ID) AS ID FROM INPUT_OUTPUT_KA_PG;
SELECT ID FROM INPUT_OUTPUT WHERE NAME ='Enterprise environmental factors';
SELECT MAX(ORDERID) AS ORDERID FROM INPUT_OUTPUT_KA_PG;
INSERT INTO INPUT_OUTPUT_KA_PG VALUES(70,5,2,2,10,70,1);
SELECT MAX(ID) AS ID FROM INPUT_OUTPUT_KA_PG;
SELECT ID FROM INPUT_OUTPUT WHERE NAME ='Organizational process assets';
SELECT MAX(ORDERID) AS ORDERID FROM INPUT_OUTPUT_KA_PG;
INSERT INTO INPUT_OUTPUT_KA_PG VALUES(71,6,2,2,10,71,1);
SELECT MAX(ID) AS ID FROM INPUT_OUTPUT_KA_PG;
SELECT ID FROM INPUT_OUTPUT WHERE NAME ='Project management plan';
SELECT MAX(ORDERID) AS ORDERID FROM INPUT_OUTPUT_KA_PG;
INSERT INTO INPUT_OUTPUT_KA_PG VALUES(72,7,2,4,11,72,1);
SELECT MAX(ID) AS ID FROM INPUT_OUTPUT_KA_PG;
SELECT ID FROM INPUT_OUTPUT WHERE NAME ='Accepted Deliverables';
SELECT MAX(ORDERID) AS ORDERID FROM INPUT_OUTPUT_KA_PG;
INSERT INTO INPUT_OUTPUT_KA_PG VALUES(73,22,2,4,11,73,0);
SELECT MAX(ID) AS ID FROM TOOLTECHNIQUE_KA_PG;
SELECT ID FROM TOOLTECHNIQUE WHERE NAME ='Inspection';
SELECT MAX(ID) AS ID FROM TOOLTECHNIQUE;
INSERT INTO TOOLTECHNIQUE VALUES(22,'Inspection');
SELECT MAX(ORDERID) AS ORDERID FROM INPUT_OUTPUT_KA_PG;
INSERT INTO TOOLTECHNIQUE_KA_PG VALUES(37,22,2,4,11,74);
SELECT MAX(ID) AS ID FROM INPUT_OUTPUT_KA_PG;
SELECT ID FROM INPUT_OUTPUT WHERE NAME ='Requirements documentation';
SELECT MAX(ORDERID) AS ORDERID FROM INPUT_OUTPUT_KA_PG;
INSERT INTO INPUT_OUTPUT_KA_PG VALUES(74,27,2,4,11,74,1);
SELECT MAX(ID) AS ID FROM INPUT_OUTPUT_KA_PG;
SELECT ID FROM INPUT_OUTPUT WHERE NAME ='Change requests';
SELECT MAX(ORDERID) AS ORDERID FROM INPUT_OUTPUT_KA_PG;
INSERT INTO INPUT_OUTPUT_KA_PG VALUES(75,12,2,4,11,75,0);
SELECT MAX(ID) AS ID FROM TOOLTECHNIQUE_KA_PG;
SELECT ID FROM TOOLTECHNIQUE WHERE NAME ='Group decision making techniques';
SELECT MAX(ORDERID) AS ORDERID FROM INPUT_OUTPUT_KA_PG;
INSERT INTO TOOLTECHNIQUE_KA_PG VALUES(38,12,2,4,11,76);
SELECT MAX(ID) AS ID FROM INPUT_OUTPUT_KA_PG;
SELECT ID FROM INPUT_OUTPUT WHERE NAME ='Requirements traceability matrix';
SELECT MAX(ORDERID) AS ORDERID FROM INPUT_OUTPUT_KA_PG;
INSERT INTO INPUT_OUTPUT_KA_PG VALUES(76,28,2,4,11,76,1);
SELECT MAX(ID) AS ID FROM INPUT_OUTPUT_KA_PG;
SELECT ID FROM INPUT_OUTPUT WHERE NAME ='Work performance information';
SELECT MAX(ORDERID) AS ORDERID FROM INPUT_OUTPUT_KA_PG;
INSERT INTO INPUT_OUTPUT_KA_PG VALUES(77,19,2,4,11,77,0);
SELECT MAX(ID) AS ID FROM INPUT_OUTPUT_KA_PG;
SELECT ID FROM INPUT_OUTPUT WHERE NAME ='Validated deliverables';
SELECT MAX(ID) AS ID FROM INPUT_OUTPUT;
INSERT INTO INPUT_OUTPUT VALUES(33,'Validated deliverables');
SELECT MAX(ORDERID) AS ORDERID FROM INPUT_OUTPUT_KA_PG;
INSERT INTO INPUT_OUTPUT_KA_PG VALUES(78,33,2,4,11,78,1);
SELECT MAX(ID) AS ID FROM INPUT_OUTPUT_KA_PG;
SELECT ID FROM INPUT_OUTPUT WHERE NAME ='Project document updates';
SELECT MAX(ORDERID) AS ORDERID FROM INPUT_OUTPUT_KA_PG;
INSERT INTO INPUT_OUTPUT_KA_PG VALUES(79,14,2,4,11,79,0);
SELECT MAX(ID) AS ID FROM INPUT_OUTPUT_KA_PG;
SELECT ID FROM INPUT_OUTPUT WHERE NAME ='Work performance data';
SELECT MAX(ORDERID) AS ORDERID FROM INPUT_OUTPUT_KA_PG;
INSERT INTO INPUT_OUTPUT_KA_PG VALUES(80,11,2,4,11,80,1);
SELECT MAX(ID) AS ID FROM INPUT_OUTPUT_KA_PG;
SELECT ID FROM INPUT_OUTPUT WHERE NAME ='Project management plan';
SELECT MAX(ORDERID) AS ORDERID FROM INPUT_OUTPUT_KA_PG;
INSERT INTO INPUT_OUTPUT_KA_PG VALUES(81,7,2,4,12,81,1);
SELECT MAX(ID) AS ID FROM INPUT_OUTPUT_KA_PG;
SELECT ID FROM INPUT_OUTPUT WHERE NAME ='Work performance information';
SELECT MAX(ORDERID) AS ORDERID FROM INPUT_OUTPUT_KA_PG;
INSERT INTO INPUT_OUTPUT_KA_PG VALUES(82,19,2,4,12,82,0);
SELECT MAX(ID) AS ID FROM TOOLTECHNIQUE_KA_PG;
SELECT ID FROM TOOLTECHNIQUE WHERE NAME ='Variance analysis';
SELECT MAX(ID) AS ID FROM TOOLTECHNIQUE;
INSERT INTO TOOLTECHNIQUE VALUES(23,'Variance analysis');
SELECT MAX(ORDERID) AS ORDERID FROM INPUT_OUTPUT_KA_PG;
INSERT INTO TOOLTECHNIQUE_KA_PG VALUES(39,23,2,4,12,83);
SELECT MAX(ID) AS ID FROM INPUT_OUTPUT_KA_PG;
SELECT ID FROM INPUT_OUTPUT WHERE NAME ='Requirements documentation';
SELECT MAX(ORDERID) AS ORDERID FROM INPUT_OUTPUT_KA_PG;
INSERT INTO INPUT_OUTPUT_KA_PG VALUES(83,27,2,4,12,83,1);
SELECT MAX(ID) AS ID FROM INPUT_OUTPUT_KA_PG;
SELECT ID FROM INPUT_OUTPUT WHERE NAME ='Change requests';
SELECT MAX(ORDERID) AS ORDERID FROM INPUT_OUTPUT_KA_PG;
INSERT INTO INPUT_OUTPUT_KA_PG VALUES(84,12,2,4,12,84,0);
SELECT MAX(ID) AS ID FROM INPUT_OUTPUT_KA_PG;
SELECT ID FROM INPUT_OUTPUT WHERE NAME ='Requirements traceability matrix';
SELECT MAX(ORDERID) AS ORDERID FROM INPUT_OUTPUT_KA_PG;
INSERT INTO INPUT_OUTPUT_KA_PG VALUES(85,28,2,4,12,85,1);
SELECT MAX(ID) AS ID FROM INPUT_OUTPUT_KA_PG;
SELECT ID FROM INPUT_OUTPUT WHERE NAME ='Project management plan updates';
SELECT MAX(ORDERID) AS ORDERID FROM INPUT_OUTPUT_KA_PG;
INSERT INTO INPUT_OUTPUT_KA_PG VALUES(86,13,2,4,12,86,0);
SELECT MAX(ID) AS ID FROM INPUT_OUTPUT_KA_PG;
SELECT ID FROM INPUT_OUTPUT WHERE NAME ='Work performance data';
SELECT MAX(ORDERID) AS ORDERID FROM INPUT_OUTPUT_KA_PG;
INSERT INTO INPUT_OUTPUT_KA_PG VALUES(87,11,2,4,12,87,1);
SELECT MAX(ID) AS ID FROM INPUT_OUTPUT_KA_PG;
SELECT ID FROM INPUT_OUTPUT WHERE NAME ='Project document updates';
SELECT MAX(ORDERID) AS ORDERID FROM INPUT_OUTPUT_KA_PG;
INSERT INTO INPUT_OUTPUT_KA_PG VALUES(88,14,2,4,12,88,0);
SELECT MAX(ID) AS ID FROM INPUT_OUTPUT_KA_PG;
SELECT ID FROM INPUT_OUTPUT WHERE NAME ='Organizational process assets';
SELECT MAX(ORDERID) AS ORDERID FROM INPUT_OUTPUT_KA_PG;
INSERT INTO INPUT_OUTPUT_KA_PG VALUES(89,6,2,4,12,89,1);
SELECT MAX(ID) AS ID FROM INPUT_OUTPUT_KA_PG;
SELECT ID FROM INPUT_OUTPUT WHERE NAME ='Organizational process assets updates';
SELECT MAX(ORDERID) AS ORDERID FROM INPUT_OUTPUT_KA_PG;
INSERT INTO INPUT_OUTPUT_KA_PG VALUES(90,23,2,4,12,90,0);
SELECT MAX(ID) AS ID FROM INPUT_OUTPUT_KA_PG;
SELECT ID FROM INPUT_OUTPUT WHERE NAME ='Project management plan';
SELECT MAX(ORDERID) AS ORDERID FROM INPUT_OUTPUT_KA_PG;
INSERT INTO INPUT_OUTPUT_KA_PG VALUES(91,7,3,2,13,91,1);
SELECT MAX(ID) AS ID FROM INPUT_OUTPUT_KA_PG;
SELECT ID FROM INPUT_OUTPUT WHERE NAME ='Schedule management plan';
SELECT MAX(ID) AS ID FROM INPUT_OUTPUT;
INSERT INTO INPUT_OUTPUT VALUES(34,'Schedule management plan');
SELECT MAX(ORDERID) AS ORDERID FROM INPUT_OUTPUT_KA_PG;
INSERT INTO INPUT_OUTPUT_KA_PG VALUES(92,34,3,2,13,92,0);
SELECT MAX(ID) AS ID FROM TOOLTECHNIQUE_KA_PG;
SELECT ID FROM TOOLTECHNIQUE WHERE NAME ='Expert judgement';
SELECT MAX(ORDERID) AS ORDERID FROM INPUT_OUTPUT_KA_PG;
INSERT INTO TOOLTECHNIQUE_KA_PG VALUES(40,7,3,2,13,93);
SELECT MAX(ID) AS ID FROM INPUT_OUTPUT_KA_PG;
SELECT ID FROM INPUT_OUTPUT WHERE NAME ='Project charter';
SELECT MAX(ORDERID) AS ORDERID FROM INPUT_OUTPUT_KA_PG;
INSERT INTO INPUT_OUTPUT_KA_PG VALUES(93,2,3,2,13,93,1);
SELECT MAX(ID) AS ID FROM TOOLTECHNIQUE_KA_PG;
SELECT ID FROM TOOLTECHNIQUE WHERE NAME ='Analytical techniques';
SELECT MAX(ORDERID) AS ORDERID FROM INPUT_OUTPUT_KA_PG;
INSERT INTO TOOLTECHNIQUE_KA_PG VALUES(41,5,3,2,13,94);
SELECT MAX(ID) AS ID FROM INPUT_OUTPUT_KA_PG;
SELECT ID FROM INPUT_OUTPUT WHERE NAME ='Enterprise environmental factors';
SELECT MAX(ORDERID) AS ORDERID FROM INPUT_OUTPUT_KA_PG;
INSERT INTO INPUT_OUTPUT_KA_PG VALUES(94,5,3,2,13,94,1);
SELECT MAX(ID) AS ID FROM TOOLTECHNIQUE_KA_PG;
SELECT ID FROM TOOLTECHNIQUE WHERE NAME ='Meetings';
SELECT MAX(ORDERID) AS ORDERID FROM INPUT_OUTPUT_KA_PG;
INSERT INTO TOOLTECHNIQUE_KA_PG VALUES(42,4,3,2,13,95);
SELECT MAX(ID) AS ID FROM INPUT_OUTPUT_KA_PG;
SELECT ID FROM INPUT_OUTPUT WHERE NAME ='Organizational process assets';
SELECT MAX(ORDERID) AS ORDERID FROM INPUT_OUTPUT_KA_PG;
INSERT INTO INPUT_OUTPUT_KA_PG VALUES(95,6,3,2,13,95,1);
SELECT MAX(ID) AS ID FROM INPUT_OUTPUT_KA_PG;
SELECT ID FROM INPUT_OUTPUT WHERE NAME ='Schedule management plan';
SELECT MAX(ORDERID) AS ORDERID FROM INPUT_OUTPUT_KA_PG;
INSERT INTO INPUT_OUTPUT_KA_PG VALUES(96,34,3,2,14,96,1);
SELECT MAX(ID) AS ID FROM INPUT_OUTPUT_KA_PG;
SELECT ID FROM INPUT_OUTPUT WHERE NAME ='Activity list';
SELECT MAX(ID) AS ID FROM INPUT_OUTPUT;
INSERT INTO INPUT_OUTPUT VALUES(35,'Activity list');
SELECT MAX(ORDERID) AS ORDERID FROM INPUT_OUTPUT_KA_PG;
INSERT INTO INPUT_OUTPUT_KA_PG VALUES(97,35,3,2,14,97,0);
SELECT MAX(ID) AS ID FROM TOOLTECHNIQUE_KA_PG;
SELECT ID FROM TOOLTECHNIQUE WHERE NAME ='Decomposition';
SELECT MAX(ORDERID) AS ORDERID FROM INPUT_OUTPUT_KA_PG;
INSERT INTO TOOLTECHNIQUE_KA_PG VALUES(43,21,3,2,14,98);
SELECT MAX(ID) AS ID FROM INPUT_OUTPUT_KA_PG;
SELECT ID FROM INPUT_OUTPUT WHERE NAME ='Scope baseline';
SELECT MAX(ORDERID) AS ORDERID FROM INPUT_OUTPUT_KA_PG;
INSERT INTO INPUT_OUTPUT_KA_PG VALUES(98,32,3,2,14,98,1);
SELECT MAX(ID) AS ID FROM INPUT_OUTPUT_KA_PG;
SELECT ID FROM INPUT_OUTPUT WHERE NAME ='Activity attributes';
SELECT MAX(ID) AS ID FROM INPUT_OUTPUT;
INSERT INTO INPUT_OUTPUT VALUES(36,'Activity attributes');
SELECT MAX(ORDERID) AS ORDERID FROM INPUT_OUTPUT_KA_PG;
INSERT INTO INPUT_OUTPUT_KA_PG VALUES(99,36,3,2,14,99,0);
SELECT MAX(ID) AS ID FROM TOOLTECHNIQUE_KA_PG;
SELECT ID FROM TOOLTECHNIQUE WHERE NAME ='Rolling wave planning';
SELECT MAX(ID) AS ID FROM TOOLTECHNIQUE;
INSERT INTO TOOLTECHNIQUE VALUES(24,'Rolling wave planning');
SELECT MAX(ORDERID) AS ORDERID FROM INPUT_OUTPUT_KA_PG;
INSERT INTO TOOLTECHNIQUE_KA_PG VALUES(44,24,3,2,14,100);
SELECT MAX(ID) AS ID FROM INPUT_OUTPUT_KA_PG;
SELECT ID FROM INPUT_OUTPUT WHERE NAME ='Enterprise environmental factors';
SELECT MAX(ORDERID) AS ORDERID FROM INPUT_OUTPUT_KA_PG;
INSERT INTO INPUT_OUTPUT_KA_PG VALUES(100,5,3,2,14,100,1);
SELECT MAX(ID) AS ID FROM INPUT_OUTPUT_KA_PG;
SELECT ID FROM INPUT_OUTPUT WHERE NAME ='Milestone list';
SELECT MAX(ID) AS ID FROM INPUT_OUTPUT;
INSERT INTO INPUT_OUTPUT VALUES(37,'Milestone list');
SELECT MAX(ORDERID) AS ORDERID FROM INPUT_OUTPUT_KA_PG;
INSERT INTO INPUT_OUTPUT_KA_PG VALUES(101,37,3,2,14,101,0);
SELECT MAX(ID) AS ID FROM TOOLTECHNIQUE_KA_PG;
SELECT ID FROM TOOLTECHNIQUE WHERE NAME ='Expert judgment';
SELECT MAX(ORDERID) AS ORDERID FROM INPUT_OUTPUT_KA_PG;
INSERT INTO TOOLTECHNIQUE_KA_PG VALUES(45,1,3,2,14,102);
SELECT MAX(ID) AS ID FROM INPUT_OUTPUT_KA_PG;
SELECT ID FROM INPUT_OUTPUT WHERE NAME ='Organizational process assets';
SELECT MAX(ORDERID) AS ORDERID FROM INPUT_OUTPUT_KA_PG;
INSERT INTO INPUT_OUTPUT_KA_PG VALUES(102,6,3,2,14,102,1);
SELECT MAX(ID) AS ID FROM INPUT_OUTPUT_KA_PG;
SELECT ID FROM INPUT_OUTPUT WHERE NAME ='Schedule management plan';
SELECT MAX(ORDERID) AS ORDERID FROM INPUT_OUTPUT_KA_PG;
INSERT INTO INPUT_OUTPUT_KA_PG VALUES(103,34,3,2,15,103,1);
SELECT MAX(ID) AS ID FROM INPUT_OUTPUT_KA_PG;
SELECT ID FROM INPUT_OUTPUT WHERE NAME ='Project schedule Network Diagrams';
SELECT MAX(ID) AS ID FROM INPUT_OUTPUT;
INSERT INTO INPUT_OUTPUT VALUES(38,'Project schedule Network Diagrams');
SELECT MAX(ORDERID) AS ORDERID FROM INPUT_OUTPUT_KA_PG;
INSERT INTO INPUT_OUTPUT_KA_PG VALUES(104,38,3,2,15,104,0);
SELECT MAX(ID) AS ID FROM TOOLTECHNIQUE_KA_PG;
SELECT ID FROM TOOLTECHNIQUE WHERE NAME ='Precedence diagramming method (PDM)';
SELECT MAX(ID) AS ID FROM TOOLTECHNIQUE;
INSERT INTO TOOLTECHNIQUE VALUES(25,'Precedence diagramming method (PDM)');
SELECT MAX(ORDERID) AS ORDERID FROM INPUT_OUTPUT_KA_PG;
INSERT INTO TOOLTECHNIQUE_KA_PG VALUES(46,25,3,2,15,105);
SELECT MAX(ID) AS ID FROM INPUT_OUTPUT_KA_PG;
SELECT ID FROM INPUT_OUTPUT WHERE NAME ='Activity list';
SELECT MAX(ORDERID) AS ORDERID FROM INPUT_OUTPUT_KA_PG;
INSERT INTO INPUT_OUTPUT_KA_PG VALUES(105,35,3,2,15,105,1);
SELECT MAX(ID) AS ID FROM INPUT_OUTPUT_KA_PG;
SELECT ID FROM INPUT_OUTPUT WHERE NAME ='Project document updates';
SELECT MAX(ORDERID) AS ORDERID FROM INPUT_OUTPUT_KA_PG;
INSERT INTO INPUT_OUTPUT_KA_PG VALUES(106,14,3,2,15,106,0);
SELECT MAX(ID) AS ID FROM TOOLTECHNIQUE_KA_PG;
SELECT ID FROM TOOLTECHNIQUE WHERE NAME ='Dependency Determination';
SELECT MAX(ID) AS ID FROM TOOLTECHNIQUE;
INSERT INTO TOOLTECHNIQUE VALUES(26,'Dependency Determination');
SELECT MAX(ORDERID) AS ORDERID FROM INPUT_OUTPUT_KA_PG;
INSERT INTO TOOLTECHNIQUE_KA_PG VALUES(47,26,3,2,15,107);
SELECT MAX(ID) AS ID FROM INPUT_OUTPUT_KA_PG;
SELECT ID FROM INPUT_OUTPUT WHERE NAME ='Activity attributes';
SELECT MAX(ORDERID) AS ORDERID FROM INPUT_OUTPUT_KA_PG;
INSERT INTO INPUT_OUTPUT_KA_PG VALUES(107,36,3,2,15,107,1);
SELECT MAX(ID) AS ID FROM TOOLTECHNIQUE_KA_PG;
SELECT ID FROM TOOLTECHNIQUE WHERE NAME ='Leads and Lags';
SELECT MAX(ID) AS ID FROM TOOLTECHNIQUE;
INSERT INTO TOOLTECHNIQUE VALUES(27,'Leads and Lags');
SELECT MAX(ORDERID) AS ORDERID FROM INPUT_OUTPUT_KA_PG;
INSERT INTO TOOLTECHNIQUE_KA_PG VALUES(48,27,3,2,15,108);
SELECT MAX(ID) AS ID FROM INPUT_OUTPUT_KA_PG;
SELECT ID FROM INPUT_OUTPUT WHERE NAME ='Milestone list';
SELECT MAX(ORDERID) AS ORDERID FROM INPUT_OUTPUT_KA_PG;
INSERT INTO INPUT_OUTPUT_KA_PG VALUES(108,37,3,2,15,108,1);
SELECT MAX(ID) AS ID FROM INPUT_OUTPUT_KA_PG;
SELECT ID FROM INPUT_OUTPUT WHERE NAME ='Project scope statement';
SELECT MAX(ORDERID) AS ORDERID FROM INPUT_OUTPUT_KA_PG;
INSERT INTO INPUT_OUTPUT_KA_PG VALUES(109,31,3,2,15,109,1);
SELECT MAX(ID) AS ID FROM INPUT_OUTPUT_KA_PG;
SELECT ID FROM INPUT_OUTPUT WHERE NAME ='Enterprise environmental factors';
SELECT MAX(ORDERID) AS ORDERID FROM INPUT_OUTPUT_KA_PG;
INSERT INTO INPUT_OUTPUT_KA_PG VALUES(110,5,3,2,15,110,1);
SELECT MAX(ID) AS ID FROM INPUT_OUTPUT_KA_PG;
SELECT ID FROM INPUT_OUTPUT WHERE NAME ='Organizational process assets';
SELECT MAX(ORDERID) AS ORDERID FROM INPUT_OUTPUT_KA_PG;
INSERT INTO INPUT_OUTPUT_KA_PG VALUES(111,6,3,2,15,111,1);
SELECT MAX(ID) AS ID FROM INPUT_OUTPUT_KA_PG;
SELECT ID FROM INPUT_OUTPUT WHERE NAME ='Schedule management plan';
SELECT MAX(ORDERID) AS ORDERID FROM INPUT_OUTPUT_KA_PG;
INSERT INTO INPUT_OUTPUT_KA_PG VALUES(112,34,3,2,16,112,1);
SELECT MAX(ID) AS ID FROM INPUT_OUTPUT_KA_PG;
SELECT ID FROM INPUT_OUTPUT WHERE NAME ='Activity resource requirements';
SELECT MAX(ID) AS ID FROM INPUT_OUTPUT;
INSERT INTO INPUT_OUTPUT VALUES(39,'Activity resource requirements');
SELECT MAX(ORDERID) AS ORDERID FROM INPUT_OUTPUT_KA_PG;
INSERT INTO INPUT_OUTPUT_KA_PG VALUES(113,39,3,2,16,113,0);
SELECT MAX(ID) AS ID FROM TOOLTECHNIQUE_KA_PG;
SELECT ID FROM TOOLTECHNIQUE WHERE NAME ='Expert judgment';
SELECT MAX(ORDERID) AS ORDERID FROM INPUT_OUTPUT_KA_PG;
INSERT INTO TOOLTECHNIQUE_KA_PG VALUES(49,1,3,2,16,114);
SELECT MAX(ID) AS ID FROM INPUT_OUTPUT_KA_PG;
SELECT ID FROM INPUT_OUTPUT WHERE NAME ='Activity list';
SELECT MAX(ORDERID) AS ORDERID FROM INPUT_OUTPUT_KA_PG;
INSERT INTO INPUT_OUTPUT_KA_PG VALUES(114,35,3,2,16,114,1);
SELECT MAX(ID) AS ID FROM INPUT_OUTPUT_KA_PG;
SELECT ID FROM INPUT_OUTPUT WHERE NAME ='Resource breakdown structure';
SELECT MAX(ID) AS ID FROM INPUT_OUTPUT;
INSERT INTO INPUT_OUTPUT VALUES(40,'Resource breakdown structure');
SELECT MAX(ORDERID) AS ORDERID FROM INPUT_OUTPUT_KA_PG;
INSERT INTO INPUT_OUTPUT_KA_PG VALUES(115,40,3,2,16,115,0);
SELECT MAX(ID) AS ID FROM TOOLTECHNIQUE_KA_PG;
SELECT ID FROM TOOLTECHNIQUE WHERE NAME ='Alternatives analysis';
SELECT MAX(ID) AS ID FROM TOOLTECHNIQUE;
INSERT INTO TOOLTECHNIQUE VALUES(28,'Alternatives analysis');
SELECT MAX(ORDERID) AS ORDERID FROM INPUT_OUTPUT_KA_PG;
INSERT INTO TOOLTECHNIQUE_KA_PG VALUES(50,28,3,2,16,116);
SELECT MAX(ID) AS ID FROM INPUT_OUTPUT_KA_PG;
SELECT ID FROM INPUT_OUTPUT WHERE NAME ='Activity attributes';
SELECT MAX(ORDERID) AS ORDERID FROM INPUT_OUTPUT_KA_PG;
INSERT INTO INPUT_OUTPUT_KA_PG VALUES(116,36,3,2,16,116,1);
SELECT MAX(ID) AS ID FROM INPUT_OUTPUT_KA_PG;
SELECT ID FROM INPUT_OUTPUT WHERE NAME ='Project document updates';
SELECT MAX(ORDERID) AS ORDERID FROM INPUT_OUTPUT_KA_PG;
INSERT INTO INPUT_OUTPUT_KA_PG VALUES(117,14,3,2,16,117,0);
SELECT MAX(ID) AS ID FROM TOOLTECHNIQUE_KA_PG;
SELECT ID FROM TOOLTECHNIQUE WHERE NAME ='Published estimating data';
SELECT MAX(ID) AS ID FROM TOOLTECHNIQUE;
INSERT INTO TOOLTECHNIQUE VALUES(29,'Published estimating data');
SELECT MAX(ORDERID) AS ORDERID FROM INPUT_OUTPUT_KA_PG;
INSERT INTO TOOLTECHNIQUE_KA_PG VALUES(51,29,3,2,16,118);
SELECT MAX(ID) AS ID FROM INPUT_OUTPUT_KA_PG;
SELECT ID FROM INPUT_OUTPUT WHERE NAME ='Resource calendars';
SELECT MAX(ID) AS ID FROM INPUT_OUTPUT;
INSERT INTO INPUT_OUTPUT VALUES(41,'Resource calendars');
SELECT MAX(ORDERID) AS ORDERID FROM INPUT_OUTPUT_KA_PG;
INSERT INTO INPUT_OUTPUT_KA_PG VALUES(118,41,3,2,16,118,1);
SELECT MAX(ID) AS ID FROM TOOLTECHNIQUE_KA_PG;
SELECT ID FROM TOOLTECHNIQUE WHERE NAME ='Bottom-up estimating';
SELECT MAX(ID) AS ID FROM TOOLTECHNIQUE;
INSERT INTO TOOLTECHNIQUE VALUES(30,'Bottom-up estimating');
SELECT MAX(ORDERID) AS ORDERID FROM INPUT_OUTPUT_KA_PG;
INSERT INTO TOOLTECHNIQUE_KA_PG VALUES(52,30,3,2,16,119);
SELECT MAX(ID) AS ID FROM INPUT_OUTPUT_KA_PG;
SELECT ID FROM INPUT_OUTPUT WHERE NAME ='Risk register';
SELECT MAX(ID) AS ID FROM INPUT_OUTPUT;
INSERT INTO INPUT_OUTPUT VALUES(42,'Risk register');
SELECT MAX(ORDERID) AS ORDERID FROM INPUT_OUTPUT_KA_PG;
INSERT INTO INPUT_OUTPUT_KA_PG VALUES(119,42,3,2,16,119,1);
SELECT MAX(ID) AS ID FROM TOOLTECHNIQUE_KA_PG;
SELECT ID FROM TOOLTECHNIQUE WHERE NAME ='Project management software';
SELECT MAX(ID) AS ID FROM TOOLTECHNIQUE;
INSERT INTO TOOLTECHNIQUE VALUES(31,'Project management software');
SELECT MAX(ORDERID) AS ORDERID FROM INPUT_OUTPUT_KA_PG;
INSERT INTO TOOLTECHNIQUE_KA_PG VALUES(53,31,3,2,16,120);
SELECT MAX(ID) AS ID FROM INPUT_OUTPUT_KA_PG;
SELECT ID FROM INPUT_OUTPUT WHERE NAME ='Activity cost estimates';
SELECT MAX(ID) AS ID FROM INPUT_OUTPUT;
INSERT INTO INPUT_OUTPUT VALUES(43,'Activity cost estimates');
SELECT MAX(ORDERID) AS ORDERID FROM INPUT_OUTPUT_KA_PG;
INSERT INTO INPUT_OUTPUT_KA_PG VALUES(120,43,3,2,16,120,1);
SELECT MAX(ID) AS ID FROM INPUT_OUTPUT_KA_PG;
SELECT ID FROM INPUT_OUTPUT WHERE NAME ='Enterprise environmental factors';
SELECT MAX(ORDERID) AS ORDERID FROM INPUT_OUTPUT_KA_PG;
INSERT INTO INPUT_OUTPUT_KA_PG VALUES(121,5,3,2,16,121,1);
SELECT MAX(ID) AS ID FROM INPUT_OUTPUT_KA_PG;
SELECT ID FROM INPUT_OUTPUT WHERE NAME ='Organizational process assets';
SELECT MAX(ORDERID) AS ORDERID FROM INPUT_OUTPUT_KA_PG;
INSERT INTO INPUT_OUTPUT_KA_PG VALUES(122,6,3,2,16,122,1);
SELECT MAX(ID) AS ID FROM INPUT_OUTPUT_KA_PG;
SELECT ID FROM INPUT_OUTPUT WHERE NAME ='Schedule management plan';
SELECT MAX(ORDERID) AS ORDERID FROM INPUT_OUTPUT_KA_PG;
INSERT INTO INPUT_OUTPUT_KA_PG VALUES(123,34,3,2,17,123,1);
SELECT MAX(ID) AS ID FROM INPUT_OUTPUT_KA_PG;
SELECT ID FROM INPUT_OUTPUT WHERE NAME ='Activity Duration Estimates';
SELECT MAX(ID) AS ID FROM INPUT_OUTPUT;
INSERT INTO INPUT_OUTPUT VALUES(44,'Activity Duration Estimates');
SELECT MAX(ORDERID) AS ORDERID FROM INPUT_OUTPUT_KA_PG;
INSERT INTO INPUT_OUTPUT_KA_PG VALUES(124,44,3,2,17,124,0);
SELECT MAX(ID) AS ID FROM TOOLTECHNIQUE_KA_PG;
SELECT ID FROM TOOLTECHNIQUE WHERE NAME ='Expert judgment';
SELECT MAX(ORDERID) AS ORDERID FROM INPUT_OUTPUT_KA_PG;
INSERT INTO TOOLTECHNIQUE_KA_PG VALUES(54,1,3,2,17,125);
SELECT MAX(ID) AS ID FROM INPUT_OUTPUT_KA_PG;
SELECT ID FROM INPUT_OUTPUT WHERE NAME ='Activity list';
SELECT MAX(ORDERID) AS ORDERID FROM INPUT_OUTPUT_KA_PG;
INSERT INTO INPUT_OUTPUT_KA_PG VALUES(125,35,3,2,17,125,1);
SELECT MAX(ID) AS ID FROM INPUT_OUTPUT_KA_PG;
SELECT ID FROM INPUT_OUTPUT WHERE NAME ='Project document updates';
SELECT MAX(ORDERID) AS ORDERID FROM INPUT_OUTPUT_KA_PG;
INSERT INTO INPUT_OUTPUT_KA_PG VALUES(126,14,3,2,17,126,0);
SELECT MAX(ID) AS ID FROM TOOLTECHNIQUE_KA_PG;
SELECT ID FROM TOOLTECHNIQUE WHERE NAME ='Analogous estimating';
SELECT MAX(ID) AS ID FROM TOOLTECHNIQUE;
INSERT INTO TOOLTECHNIQUE VALUES(32,'Analogous estimating');
SELECT MAX(ORDERID) AS ORDERID FROM INPUT_OUTPUT_KA_PG;
INSERT INTO TOOLTECHNIQUE_KA_PG VALUES(55,32,3,2,17,127);
SELECT MAX(ID) AS ID FROM INPUT_OUTPUT_KA_PG;
SELECT ID FROM INPUT_OUTPUT WHERE NAME ='Activity attributes';
SELECT MAX(ORDERID) AS ORDERID FROM INPUT_OUTPUT_KA_PG;
INSERT INTO INPUT_OUTPUT_KA_PG VALUES(127,36,3,2,17,127,1);
SELECT MAX(ID) AS ID FROM TOOLTECHNIQUE_KA_PG;
SELECT ID FROM TOOLTECHNIQUE WHERE NAME ='Parametric estimating';
SELECT MAX(ID) AS ID FROM TOOLTECHNIQUE;
INSERT INTO TOOLTECHNIQUE VALUES(33,'Parametric estimating');
SELECT MAX(ORDERID) AS ORDERID FROM INPUT_OUTPUT_KA_PG;
INSERT INTO TOOLTECHNIQUE_KA_PG VALUES(56,33,3,2,17,128);
SELECT MAX(ID) AS ID FROM INPUT_OUTPUT_KA_PG;
SELECT ID FROM INPUT_OUTPUT WHERE NAME ='Activity resource requirements';
SELECT MAX(ORDERID) AS ORDERID FROM INPUT_OUTPUT_KA_PG;
INSERT INTO INPUT_OUTPUT_KA_PG VALUES(128,39,3,2,17,128,1);
SELECT MAX(ID) AS ID FROM TOOLTECHNIQUE_KA_PG;
SELECT ID FROM TOOLTECHNIQUE WHERE NAME ='Three-point estimating';
SELECT MAX(ID) AS ID FROM TOOLTECHNIQUE;
INSERT INTO TOOLTECHNIQUE VALUES(34,'Three-point estimating');
SELECT MAX(ORDERID) AS ORDERID FROM INPUT_OUTPUT_KA_PG;
INSERT INTO TOOLTECHNIQUE_KA_PG VALUES(57,34,3,2,17,129);
SELECT MAX(ID) AS ID FROM INPUT_OUTPUT_KA_PG;
SELECT ID FROM INPUT_OUTPUT WHERE NAME ='Resource calendars';
SELECT MAX(ORDERID) AS ORDERID FROM INPUT_OUTPUT_KA_PG;
INSERT INTO INPUT_OUTPUT_KA_PG VALUES(129,41,3,2,17,129,1);
SELECT MAX(ID) AS ID FROM TOOLTECHNIQUE_KA_PG;
SELECT ID FROM TOOLTECHNIQUE WHERE NAME ='Group decision making techniques';
SELECT MAX(ORDERID) AS ORDERID FROM INPUT_OUTPUT_KA_PG;
INSERT INTO TOOLTECHNIQUE_KA_PG VALUES(58,12,3,2,17,130);
SELECT MAX(ID) AS ID FROM INPUT_OUTPUT_KA_PG;
SELECT ID FROM INPUT_OUTPUT WHERE NAME ='Project scope statement';
SELECT MAX(ORDERID) AS ORDERID FROM INPUT_OUTPUT_KA_PG;
INSERT INTO INPUT_OUTPUT_KA_PG VALUES(130,31,3,2,17,130,1);
SELECT MAX(ID) AS ID FROM TOOLTECHNIQUE_KA_PG;
SELECT ID FROM TOOLTECHNIQUE WHERE NAME ='Reserve analysis';
SELECT MAX(ID) AS ID FROM TOOLTECHNIQUE;
INSERT INTO TOOLTECHNIQUE VALUES(35,'Reserve analysis');
SELECT MAX(ORDERID) AS ORDERID FROM INPUT_OUTPUT_KA_PG;
INSERT INTO TOOLTECHNIQUE_KA_PG VALUES(59,35,3,2,17,131);
SELECT MAX(ID) AS ID FROM INPUT_OUTPUT_KA_PG;
SELECT ID FROM INPUT_OUTPUT WHERE NAME ='Risk register';
SELECT MAX(ORDERID) AS ORDERID FROM INPUT_OUTPUT_KA_PG;
INSERT INTO INPUT_OUTPUT_KA_PG VALUES(131,42,3,2,17,131,1);
SELECT MAX(ID) AS ID FROM INPUT_OUTPUT_KA_PG;
SELECT ID FROM INPUT_OUTPUT WHERE NAME ='Resource breakdown structure';
SELECT MAX(ORDERID) AS ORDERID FROM INPUT_OUTPUT_KA_PG;
INSERT INTO INPUT_OUTPUT_KA_PG VALUES(132,40,3,2,17,132,1);
SELECT MAX(ID) AS ID FROM INPUT_OUTPUT_KA_PG;
SELECT ID FROM INPUT_OUTPUT WHERE NAME ='Enterprise environmental factors';
SELECT MAX(ORDERID) AS ORDERID FROM INPUT_OUTPUT_KA_PG;
INSERT INTO INPUT_OUTPUT_KA_PG VALUES(133,5,3,2,17,133,1);
SELECT MAX(ID) AS ID FROM INPUT_OUTPUT_KA_PG;
SELECT ID FROM INPUT_OUTPUT WHERE NAME ='Organizational process assets';
SELECT MAX(ORDERID) AS ORDERID FROM INPUT_OUTPUT_KA_PG;
INSERT INTO INPUT_OUTPUT_KA_PG VALUES(134,6,3,2,17,134,1);
SELECT MAX(ID) AS ID FROM INPUT_OUTPUT_KA_PG;
SELECT ID FROM INPUT_OUTPUT WHERE NAME ='Schedule management plan';
SELECT MAX(ORDERID) AS ORDERID FROM INPUT_OUTPUT_KA_PG;
INSERT INTO INPUT_OUTPUT_KA_PG VALUES(135,34,3,2,18,135,1);
SELECT MAX(ID) AS ID FROM INPUT_OUTPUT_KA_PG;
SELECT ID FROM INPUT_OUTPUT WHERE NAME ='Schedule Baseline';
SELECT MAX(ID) AS ID FROM INPUT_OUTPUT;
INSERT INTO INPUT_OUTPUT VALUES(45,'Schedule Baseline');
SELECT MAX(ORDERID) AS ORDERID FROM INPUT_OUTPUT_KA_PG;
INSERT INTO INPUT_OUTPUT_KA_PG VALUES(136,45,3,2,18,136,0);
SELECT MAX(ID) AS ID FROM TOOLTECHNIQUE_KA_PG;
SELECT ID FROM TOOLTECHNIQUE WHERE NAME ='Schedule network analysis';
SELECT MAX(ID) AS ID FROM TOOLTECHNIQUE;
INSERT INTO TOOLTECHNIQUE VALUES(36,'Schedule network analysis');
SELECT MAX(ORDERID) AS ORDERID FROM INPUT_OUTPUT_KA_PG;
INSERT INTO TOOLTECHNIQUE_KA_PG VALUES(60,36,3,2,18,137);
SELECT MAX(ID) AS ID FROM INPUT_OUTPUT_KA_PG;
SELECT ID FROM INPUT_OUTPUT WHERE NAME ='Activity list';
SELECT MAX(ORDERID) AS ORDERID FROM INPUT_OUTPUT_KA_PG;
INSERT INTO INPUT_OUTPUT_KA_PG VALUES(137,35,3,2,18,137,1);
SELECT MAX(ID) AS ID FROM INPUT_OUTPUT_KA_PG;
SELECT ID FROM INPUT_OUTPUT WHERE NAME ='Project schedule';
SELECT MAX(ID) AS ID FROM INPUT_OUTPUT;
INSERT INTO INPUT_OUTPUT VALUES(46,'Project schedule');
SELECT MAX(ORDERID) AS ORDERID FROM INPUT_OUTPUT_KA_PG;
INSERT INTO INPUT_OUTPUT_KA_PG VALUES(138,46,3,2,18,138,0);
SELECT MAX(ID) AS ID FROM TOOLTECHNIQUE_KA_PG;
SELECT ID FROM TOOLTECHNIQUE WHERE NAME ='Critical path method';
SELECT MAX(ID) AS ID FROM TOOLTECHNIQUE;
INSERT INTO TOOLTECHNIQUE VALUES(37,'Critical path method');
SELECT MAX(ORDERID) AS ORDERID FROM INPUT_OUTPUT_KA_PG;
INSERT INTO TOOLTECHNIQUE_KA_PG VALUES(61,37,3,2,18,139);
SELECT MAX(ID) AS ID FROM INPUT_OUTPUT_KA_PG;
SELECT ID FROM INPUT_OUTPUT WHERE NAME ='Activity attributes';
SELECT MAX(ORDERID) AS ORDERID FROM INPUT_OUTPUT_KA_PG;
INSERT INTO INPUT_OUTPUT_KA_PG VALUES(139,36,3,2,18,139,1);
SELECT MAX(ID) AS ID FROM INPUT_OUTPUT_KA_PG;
SELECT ID FROM INPUT_OUTPUT WHERE NAME ='Schedule data';
SELECT MAX(ID) AS ID FROM INPUT_OUTPUT;
INSERT INTO INPUT_OUTPUT VALUES(47,'Schedule data');
SELECT MAX(ORDERID) AS ORDERID FROM INPUT_OUTPUT_KA_PG;
INSERT INTO INPUT_OUTPUT_KA_PG VALUES(140,47,3,2,18,140,0);
SELECT MAX(ID) AS ID FROM TOOLTECHNIQUE_KA_PG;
SELECT ID FROM TOOLTECHNIQUE WHERE NAME ='Critical chain method';
SELECT MAX(ID) AS ID FROM TOOLTECHNIQUE;
INSERT INTO TOOLTECHNIQUE VALUES(38,'Critical chain method');
SELECT MAX(ORDERID) AS ORDERID FROM INPUT_OUTPUT_KA_PG;
INSERT INTO TOOLTECHNIQUE_KA_PG VALUES(62,38,3,2,18,141);
SELECT MAX(ID) AS ID FROM INPUT_OUTPUT_KA_PG;
SELECT ID FROM INPUT_OUTPUT WHERE NAME ='Project schedule network diagrams';
SELECT MAX(ID) AS ID FROM INPUT_OUTPUT;
INSERT INTO INPUT_OUTPUT VALUES(48,'Project schedule network diagrams');
SELECT MAX(ORDERID) AS ORDERID FROM INPUT_OUTPUT_KA_PG;
INSERT INTO INPUT_OUTPUT_KA_PG VALUES(141,48,3,2,18,141,1);
SELECT MAX(ID) AS ID FROM INPUT_OUTPUT_KA_PG;
SELECT ID FROM INPUT_OUTPUT WHERE NAME ='Project calendars';
SELECT MAX(ID) AS ID FROM INPUT_OUTPUT;
INSERT INTO INPUT_OUTPUT VALUES(49,'Project calendars');
SELECT MAX(ORDERID) AS ORDERID FROM INPUT_OUTPUT_KA_PG;
INSERT INTO INPUT_OUTPUT_KA_PG VALUES(142,49,3,2,18,142,0);
SELECT MAX(ID) AS ID FROM TOOLTECHNIQUE_KA_PG;
SELECT ID FROM TOOLTECHNIQUE WHERE NAME ='Resource optimization techniques';
SELECT MAX(ID) AS ID FROM TOOLTECHNIQUE;
INSERT INTO TOOLTECHNIQUE VALUES(39,'Resource optimization techniques');
SELECT MAX(ORDERID) AS ORDERID FROM INPUT_OUTPUT_KA_PG;
INSERT INTO TOOLTECHNIQUE_KA_PG VALUES(63,39,3,2,18,143);
SELECT MAX(ID) AS ID FROM INPUT_OUTPUT_KA_PG;
SELECT ID FROM INPUT_OUTPUT WHERE NAME ='Activity resource requirements';
SELECT MAX(ORDERID) AS ORDERID FROM INPUT_OUTPUT_KA_PG;
INSERT INTO INPUT_OUTPUT_KA_PG VALUES(143,39,3,2,18,143,1);
SELECT MAX(ID) AS ID FROM INPUT_OUTPUT_KA_PG;
SELECT ID FROM INPUT_OUTPUT WHERE NAME ='Project management plan updates';
SELECT MAX(ORDERID) AS ORDERID FROM INPUT_OUTPUT_KA_PG;
INSERT INTO INPUT_OUTPUT_KA_PG VALUES(144,13,3,2,18,144,0);
SELECT MAX(ID) AS ID FROM TOOLTECHNIQUE_KA_PG;
SELECT ID FROM TOOLTECHNIQUE WHERE NAME ='Modeling techniques';
SELECT MAX(ID) AS ID FROM TOOLTECHNIQUE;
INSERT INTO TOOLTECHNIQUE VALUES(40,'Modeling techniques');
SELECT MAX(ORDERID) AS ORDERID FROM INPUT_OUTPUT_KA_PG;
INSERT INTO TOOLTECHNIQUE_KA_PG VALUES(64,40,3,2,18,145);
SELECT MAX(ID) AS ID FROM INPUT_OUTPUT_KA_PG;
SELECT ID FROM INPUT_OUTPUT WHERE NAME ='Resource calendars';
SELECT MAX(ORDERID) AS ORDERID FROM INPUT_OUTPUT_KA_PG;
INSERT INTO INPUT_OUTPUT_KA_PG VALUES(145,41,3,2,18,145,1);
SELECT MAX(ID) AS ID FROM INPUT_OUTPUT_KA_PG;
SELECT ID FROM INPUT_OUTPUT WHERE NAME ='Project document updates';
SELECT MAX(ORDERID) AS ORDERID FROM INPUT_OUTPUT_KA_PG;
INSERT INTO INPUT_OUTPUT_KA_PG VALUES(146,14,3,2,18,146,0);
SELECT MAX(ID) AS ID FROM TOOLTECHNIQUE_KA_PG;
SELECT ID FROM TOOLTECHNIQUE WHERE NAME ='Leads and Lags';
SELECT MAX(ORDERID) AS ORDERID FROM INPUT_OUTPUT_KA_PG;
INSERT INTO TOOLTECHNIQUE_KA_PG VALUES(65,27,3,2,18,147);
SELECT MAX(ID) AS ID FROM INPUT_OUTPUT_KA_PG;
SELECT ID FROM INPUT_OUTPUT WHERE NAME ='Activity duration estimates';
SELECT MAX(ID) AS ID FROM INPUT_OUTPUT;
INSERT INTO INPUT_OUTPUT VALUES(50,'Activity duration estimates');
SELECT MAX(ORDERID) AS ORDERID FROM INPUT_OUTPUT_KA_PG;
INSERT INTO INPUT_OUTPUT_KA_PG VALUES(147,50,3,2,18,147,1);
SELECT MAX(ID) AS ID FROM TOOLTECHNIQUE_KA_PG;
SELECT ID FROM TOOLTECHNIQUE WHERE NAME ='Schedule compression';
SELECT MAX(ID) AS ID FROM TOOLTECHNIQUE;
INSERT INTO TOOLTECHNIQUE VALUES(41,'Schedule compression');
SELECT MAX(ORDERID) AS ORDERID FROM INPUT_OUTPUT_KA_PG;
INSERT INTO TOOLTECHNIQUE_KA_PG VALUES(66,41,3,2,18,148);
SELECT MAX(ID) AS ID FROM INPUT_OUTPUT_KA_PG;
SELECT ID FROM INPUT_OUTPUT WHERE NAME ='Project scope statement';
SELECT MAX(ORDERID) AS ORDERID FROM INPUT_OUTPUT_KA_PG;
INSERT INTO INPUT_OUTPUT_KA_PG VALUES(148,31,3,2,18,148,1);
SELECT MAX(ID) AS ID FROM TOOLTECHNIQUE_KA_PG;
SELECT ID FROM TOOLTECHNIQUE WHERE NAME ='Scheduling tool';
SELECT MAX(ID) AS ID FROM TOOLTECHNIQUE;
INSERT INTO TOOLTECHNIQUE VALUES(42,'Scheduling tool');
SELECT MAX(ORDERID) AS ORDERID FROM INPUT_OUTPUT_KA_PG;
INSERT INTO TOOLTECHNIQUE_KA_PG VALUES(67,42,3,2,18,149);
SELECT MAX(ID) AS ID FROM INPUT_OUTPUT_KA_PG;
SELECT ID FROM INPUT_OUTPUT WHERE NAME ='Risk register';
SELECT MAX(ORDERID) AS ORDERID FROM INPUT_OUTPUT_KA_PG;
INSERT INTO INPUT_OUTPUT_KA_PG VALUES(149,42,3,2,18,149,1);
SELECT MAX(ID) AS ID FROM INPUT_OUTPUT_KA_PG;
SELECT ID FROM INPUT_OUTPUT WHERE NAME ='Project staff assignments';
SELECT MAX(ID) AS ID FROM INPUT_OUTPUT;
INSERT INTO INPUT_OUTPUT VALUES(51,'Project staff assignments');
SELECT MAX(ORDERID) AS ORDERID FROM INPUT_OUTPUT_KA_PG;
INSERT INTO INPUT_OUTPUT_KA_PG VALUES(150,51,3,2,18,150,1);
SELECT MAX(ID) AS ID FROM INPUT_OUTPUT_KA_PG;
SELECT ID FROM INPUT_OUTPUT WHERE NAME ='Resource breakdown structure';
SELECT MAX(ORDERID) AS ORDERID FROM INPUT_OUTPUT_KA_PG;
INSERT INTO INPUT_OUTPUT_KA_PG VALUES(151,40,3,2,18,151,1);
SELECT MAX(ID) AS ID FROM INPUT_OUTPUT_KA_PG;
SELECT ID FROM INPUT_OUTPUT WHERE NAME ='Enterprise environmental factors';
SELECT MAX(ORDERID) AS ORDERID FROM INPUT_OUTPUT_KA_PG;
INSERT INTO INPUT_OUTPUT_KA_PG VALUES(152,5,3,2,18,152,1);
SELECT MAX(ID) AS ID FROM INPUT_OUTPUT_KA_PG;
SELECT ID FROM INPUT_OUTPUT WHERE NAME ='Organizational process assets';
SELECT MAX(ORDERID) AS ORDERID FROM INPUT_OUTPUT_KA_PG;
INSERT INTO INPUT_OUTPUT_KA_PG VALUES(153,6,3,2,18,153,1);
SELECT MAX(ID) AS ID FROM INPUT_OUTPUT_KA_PG;
SELECT ID FROM INPUT_OUTPUT WHERE NAME ='Project management plan';
SELECT MAX(ORDERID) AS ORDERID FROM INPUT_OUTPUT_KA_PG;
INSERT INTO INPUT_OUTPUT_KA_PG VALUES(154,7,3,4,19,154,1);
SELECT MAX(ID) AS ID FROM INPUT_OUTPUT_KA_PG;
SELECT ID FROM INPUT_OUTPUT WHERE NAME ='Work performance information';
SELECT MAX(ORDERID) AS ORDERID FROM INPUT_OUTPUT_KA_PG;
INSERT INTO INPUT_OUTPUT_KA_PG VALUES(155,19,3,4,19,155,0);
SELECT MAX(ID) AS ID FROM TOOLTECHNIQUE_KA_PG;
SELECT ID FROM TOOLTECHNIQUE WHERE NAME ='Performance reviews';
SELECT MAX(ID) AS ID FROM TOOLTECHNIQUE;
INSERT INTO TOOLTECHNIQUE VALUES(43,'Performance reviews');
SELECT MAX(ORDERID) AS ORDERID FROM INPUT_OUTPUT_KA_PG;
INSERT INTO TOOLTECHNIQUE_KA_PG VALUES(68,43,3,4,19,156);
SELECT MAX(ID) AS ID FROM INPUT_OUTPUT_KA_PG;
SELECT ID FROM INPUT_OUTPUT WHERE NAME ='Project schedule';
SELECT MAX(ORDERID) AS ORDERID FROM INPUT_OUTPUT_KA_PG;
INSERT INTO INPUT_OUTPUT_KA_PG VALUES(156,46,3,4,19,156,1);
SELECT MAX(ID) AS ID FROM INPUT_OUTPUT_KA_PG;
SELECT ID FROM INPUT_OUTPUT WHERE NAME ='Schedule forecasts';
SELECT MAX(ORDERID) AS ORDERID FROM INPUT_OUTPUT_KA_PG;
INSERT INTO INPUT_OUTPUT_KA_PG VALUES(157,15,3,4,19,157,0);
SELECT MAX(ID) AS ID FROM TOOLTECHNIQUE_KA_PG;
SELECT ID FROM TOOLTECHNIQUE WHERE NAME ='Project management software';
SELECT MAX(ORDERID) AS ORDERID FROM INPUT_OUTPUT_KA_PG;
INSERT INTO TOOLTECHNIQUE_KA_PG VALUES(69,31,3,4,19,158);
SELECT MAX(ID) AS ID FROM INPUT_OUTPUT_KA_PG;
SELECT ID FROM INPUT_OUTPUT WHERE NAME ='Work performance data';
SELECT MAX(ORDERID) AS ORDERID FROM INPUT_OUTPUT_KA_PG;
INSERT INTO INPUT_OUTPUT_KA_PG VALUES(158,11,3,4,19,158,1);
SELECT MAX(ID) AS ID FROM INPUT_OUTPUT_KA_PG;
SELECT ID FROM INPUT_OUTPUT WHERE NAME ='Change requests';
SELECT MAX(ORDERID) AS ORDERID FROM INPUT_OUTPUT_KA_PG;
INSERT INTO INPUT_OUTPUT_KA_PG VALUES(159,12,3,4,19,159,0);
SELECT MAX(ID) AS ID FROM TOOLTECHNIQUE_KA_PG;
SELECT ID FROM TOOLTECHNIQUE WHERE NAME ='Resource optimization techniques';
SELECT MAX(ORDERID) AS ORDERID FROM INPUT_OUTPUT_KA_PG;
INSERT INTO TOOLTECHNIQUE_KA_PG VALUES(70,39,3,4,19,160);
SELECT MAX(ID) AS ID FROM INPUT_OUTPUT_KA_PG;
SELECT ID FROM INPUT_OUTPUT WHERE NAME ='Project calendars';
SELECT MAX(ORDERID) AS ORDERID FROM INPUT_OUTPUT_KA_PG;
INSERT INTO INPUT_OUTPUT_KA_PG VALUES(160,49,3,4,19,160,1);
SELECT MAX(ID) AS ID FROM INPUT_OUTPUT_KA_PG;
SELECT ID FROM INPUT_OUTPUT WHERE NAME ='Project management plan updates';
SELECT MAX(ORDERID) AS ORDERID FROM INPUT_OUTPUT_KA_PG;
INSERT INTO INPUT_OUTPUT_KA_PG VALUES(161,13,3,4,19,161,0);
SELECT MAX(ID) AS ID FROM TOOLTECHNIQUE_KA_PG;
SELECT ID FROM TOOLTECHNIQUE WHERE NAME ='Modeling techniques';
SELECT MAX(ORDERID) AS ORDERID FROM INPUT_OUTPUT_KA_PG;
INSERT INTO TOOLTECHNIQUE_KA_PG VALUES(71,40,3,4,19,162);
SELECT MAX(ID) AS ID FROM INPUT_OUTPUT_KA_PG;
SELECT ID FROM INPUT_OUTPUT WHERE NAME ='Schedule data';
SELECT MAX(ORDERID) AS ORDERID FROM INPUT_OUTPUT_KA_PG;
INSERT INTO INPUT_OUTPUT_KA_PG VALUES(162,47,3,4,19,162,1);
SELECT MAX(ID) AS ID FROM INPUT_OUTPUT_KA_PG;
SELECT ID FROM INPUT_OUTPUT WHERE NAME ='Project document updates';
SELECT MAX(ORDERID) AS ORDERID FROM INPUT_OUTPUT_KA_PG;
INSERT INTO INPUT_OUTPUT_KA_PG VALUES(163,14,3,4,19,163,0);
SELECT MAX(ID) AS ID FROM TOOLTECHNIQUE_KA_PG;
SELECT ID FROM TOOLTECHNIQUE WHERE NAME ='Leads and Lags';
SELECT MAX(ORDERID) AS ORDERID FROM INPUT_OUTPUT_KA_PG;
INSERT INTO TOOLTECHNIQUE_KA_PG VALUES(72,27,3,4,19,164);
SELECT MAX(ID) AS ID FROM INPUT_OUTPUT_KA_PG;
SELECT ID FROM INPUT_OUTPUT WHERE NAME ='Organizational process assets';
SELECT MAX(ORDERID) AS ORDERID FROM INPUT_OUTPUT_KA_PG;
INSERT INTO INPUT_OUTPUT_KA_PG VALUES(164,6,3,4,19,164,1);
SELECT MAX(ID) AS ID FROM INPUT_OUTPUT_KA_PG;
SELECT ID FROM INPUT_OUTPUT WHERE NAME ='Organizational process assets updates';
SELECT MAX(ORDERID) AS ORDERID FROM INPUT_OUTPUT_KA_PG;
INSERT INTO INPUT_OUTPUT_KA_PG VALUES(165,23,3,4,19,165,0);
SELECT MAX(ID) AS ID FROM TOOLTECHNIQUE_KA_PG;
SELECT ID FROM TOOLTECHNIQUE WHERE NAME ='Schedule compression';
SELECT MAX(ORDERID) AS ORDERID FROM INPUT_OUTPUT_KA_PG;
INSERT INTO TOOLTECHNIQUE_KA_PG VALUES(73,41,3,4,19,166);
SELECT MAX(ID) AS ID FROM TOOLTECHNIQUE_KA_PG;
SELECT ID FROM TOOLTECHNIQUE WHERE NAME ='Scheduling tool';
SELECT MAX(ORDERID) AS ORDERID FROM INPUT_OUTPUT_KA_PG;
INSERT INTO TOOLTECHNIQUE_KA_PG VALUES(74,42,3,4,19,166);
SELECT MAX(ID) AS ID FROM INPUT_OUTPUT_KA_PG;
SELECT ID FROM INPUT_OUTPUT WHERE NAME ='Project management plan';
SELECT MAX(ORDERID) AS ORDERID FROM INPUT_OUTPUT_KA_PG;
INSERT INTO INPUT_OUTPUT_KA_PG VALUES(166,7,4,2,20,166,1);
SELECT MAX(ID) AS ID FROM INPUT_OUTPUT_KA_PG;
SELECT ID FROM INPUT_OUTPUT WHERE NAME ='Cost management plan';
SELECT MAX(ID) AS ID FROM INPUT_OUTPUT;
INSERT INTO INPUT_OUTPUT VALUES(52,'Cost management plan');
SELECT MAX(ORDERID) AS ORDERID FROM INPUT_OUTPUT_KA_PG;
INSERT INTO INPUT_OUTPUT_KA_PG VALUES(167,52,4,2,20,167,0);
SELECT MAX(ID) AS ID FROM TOOLTECHNIQUE_KA_PG;
SELECT ID FROM TOOLTECHNIQUE WHERE NAME ='Expert judgement';
SELECT MAX(ORDERID) AS ORDERID FROM INPUT_OUTPUT_KA_PG;
INSERT INTO TOOLTECHNIQUE_KA_PG VALUES(75,7,4,2,20,168);
SELECT MAX(ID) AS ID FROM INPUT_OUTPUT_KA_PG;
SELECT ID FROM INPUT_OUTPUT WHERE NAME ='Project charter';
SELECT MAX(ORDERID) AS ORDERID FROM INPUT_OUTPUT_KA_PG;
INSERT INTO INPUT_OUTPUT_KA_PG VALUES(168,2,4,2,20,168,1);
SELECT MAX(ID) AS ID FROM TOOLTECHNIQUE_KA_PG;
SELECT ID FROM TOOLTECHNIQUE WHERE NAME ='Analytical techniques';
SELECT MAX(ORDERID) AS ORDERID FROM INPUT_OUTPUT_KA_PG;
INSERT INTO TOOLTECHNIQUE_KA_PG VALUES(76,5,4,2,20,169);
SELECT MAX(ID) AS ID FROM INPUT_OUTPUT_KA_PG;
SELECT ID FROM INPUT_OUTPUT WHERE NAME ='Enterprise environmental factors';
SELECT MAX(ORDERID) AS ORDERID FROM INPUT_OUTPUT_KA_PG;
INSERT INTO INPUT_OUTPUT_KA_PG VALUES(169,5,4,2,20,169,1);
SELECT MAX(ID) AS ID FROM TOOLTECHNIQUE_KA_PG;
SELECT ID FROM TOOLTECHNIQUE WHERE NAME ='Meetings';
SELECT MAX(ORDERID) AS ORDERID FROM INPUT_OUTPUT_KA_PG;
INSERT INTO TOOLTECHNIQUE_KA_PG VALUES(77,4,4,2,20,170);
SELECT MAX(ID) AS ID FROM INPUT_OUTPUT_KA_PG;
SELECT ID FROM INPUT_OUTPUT WHERE NAME ='Organizational process assets';
SELECT MAX(ORDERID) AS ORDERID FROM INPUT_OUTPUT_KA_PG;
INSERT INTO INPUT_OUTPUT_KA_PG VALUES(170,6,4,2,20,170,1);
SELECT MAX(ID) AS ID FROM INPUT_OUTPUT_KA_PG;
SELECT ID FROM INPUT_OUTPUT WHERE NAME ='Cost management plan';
SELECT MAX(ORDERID) AS ORDERID FROM INPUT_OUTPUT_KA_PG;
INSERT INTO INPUT_OUTPUT_KA_PG VALUES(171,52,4,2,21,171,1);
SELECT MAX(ID) AS ID FROM INPUT_OUTPUT_KA_PG;
SELECT ID FROM INPUT_OUTPUT WHERE NAME ='Activity cost estimates';
SELECT MAX(ORDERID) AS ORDERID FROM INPUT_OUTPUT_KA_PG;
INSERT INTO INPUT_OUTPUT_KA_PG VALUES(172,43,4,2,21,172,0);
SELECT MAX(ID) AS ID FROM TOOLTECHNIQUE_KA_PG;
SELECT ID FROM TOOLTECHNIQUE WHERE NAME ='Expert judgment';
SELECT MAX(ORDERID) AS ORDERID FROM INPUT_OUTPUT_KA_PG;
INSERT INTO TOOLTECHNIQUE_KA_PG VALUES(78,1,4,2,21,173);
SELECT MAX(ID) AS ID FROM INPUT_OUTPUT_KA_PG;
SELECT ID FROM INPUT_OUTPUT WHERE NAME ='Human resource management plan';
SELECT MAX(ID) AS ID FROM INPUT_OUTPUT;
INSERT INTO INPUT_OUTPUT VALUES(53,'Human resource management plan');
SELECT MAX(ORDERID) AS ORDERID FROM INPUT_OUTPUT_KA_PG;
INSERT INTO INPUT_OUTPUT_KA_PG VALUES(173,53,4,2,21,173,1);
SELECT MAX(ID) AS ID FROM INPUT_OUTPUT_KA_PG;
SELECT ID FROM INPUT_OUTPUT WHERE NAME ='Basis of estimates';
SELECT MAX(ID) AS ID FROM INPUT_OUTPUT;
INSERT INTO INPUT_OUTPUT VALUES(54,'Basis of estimates');
SELECT MAX(ORDERID) AS ORDERID FROM INPUT_OUTPUT_KA_PG;
INSERT INTO INPUT_OUTPUT_KA_PG VALUES(174,54,4,2,21,174,0);
SELECT MAX(ID) AS ID FROM TOOLTECHNIQUE_KA_PG;
SELECT ID FROM TOOLTECHNIQUE WHERE NAME ='Analogous estimating';
SELECT MAX(ORDERID) AS ORDERID FROM INPUT_OUTPUT_KA_PG;
INSERT INTO TOOLTECHNIQUE_KA_PG VALUES(79,32,4,2,21,175);
SELECT MAX(ID) AS ID FROM INPUT_OUTPUT_KA_PG;
SELECT ID FROM INPUT_OUTPUT WHERE NAME ='Scope baseline';
SELECT MAX(ORDERID) AS ORDERID FROM INPUT_OUTPUT_KA_PG;
INSERT INTO INPUT_OUTPUT_KA_PG VALUES(175,32,4,2,21,175,1);
SELECT MAX(ID) AS ID FROM INPUT_OUTPUT_KA_PG;
SELECT ID FROM INPUT_OUTPUT WHERE NAME ='Project document updates';
SELECT MAX(ORDERID) AS ORDERID FROM INPUT_OUTPUT_KA_PG;
INSERT INTO INPUT_OUTPUT_KA_PG VALUES(176,14,4,2,21,176,0);
SELECT MAX(ID) AS ID FROM TOOLTECHNIQUE_KA_PG;
SELECT ID FROM TOOLTECHNIQUE WHERE NAME ='Parametric estimating';
SELECT MAX(ORDERID) AS ORDERID FROM INPUT_OUTPUT_KA_PG;
INSERT INTO TOOLTECHNIQUE_KA_PG VALUES(80,33,4,2,21,177);
SELECT MAX(ID) AS ID FROM INPUT_OUTPUT_KA_PG;
SELECT ID FROM INPUT_OUTPUT WHERE NAME ='Project schedule';
SELECT MAX(ORDERID) AS ORDERID FROM INPUT_OUTPUT_KA_PG;
INSERT INTO INPUT_OUTPUT_KA_PG VALUES(177,46,4,2,21,177,1);
SELECT MAX(ID) AS ID FROM TOOLTECHNIQUE_KA_PG;
SELECT ID FROM TOOLTECHNIQUE WHERE NAME ='Bottom-up estimating';
SELECT MAX(ORDERID) AS ORDERID FROM INPUT_OUTPUT_KA_PG;
INSERT INTO TOOLTECHNIQUE_KA_PG VALUES(81,30,4,2,21,178);
SELECT MAX(ID) AS ID FROM INPUT_OUTPUT_KA_PG;
SELECT ID FROM INPUT_OUTPUT WHERE NAME ='Risk register';
SELECT MAX(ORDERID) AS ORDERID FROM INPUT_OUTPUT_KA_PG;
INSERT INTO INPUT_OUTPUT_KA_PG VALUES(178,42,4,2,21,178,1);
SELECT MAX(ID) AS ID FROM TOOLTECHNIQUE_KA_PG;
SELECT ID FROM TOOLTECHNIQUE WHERE NAME ='Three-point estimating';
SELECT MAX(ORDERID) AS ORDERID FROM INPUT_OUTPUT_KA_PG;
INSERT INTO TOOLTECHNIQUE_KA_PG VALUES(82,34,4,2,21,179);
SELECT MAX(ID) AS ID FROM INPUT_OUTPUT_KA_PG;
SELECT ID FROM INPUT_OUTPUT WHERE NAME ='Enterprise environmental factors';
SELECT MAX(ORDERID) AS ORDERID FROM INPUT_OUTPUT_KA_PG;
INSERT INTO INPUT_OUTPUT_KA_PG VALUES(179,5,4,2,21,179,1);
SELECT MAX(ID) AS ID FROM TOOLTECHNIQUE_KA_PG;
SELECT ID FROM TOOLTECHNIQUE WHERE NAME ='Reserve analysis';
SELECT MAX(ORDERID) AS ORDERID FROM INPUT_OUTPUT_KA_PG;
INSERT INTO TOOLTECHNIQUE_KA_PG VALUES(83,35,4,2,21,180);
SELECT MAX(ID) AS ID FROM INPUT_OUTPUT_KA_PG;
SELECT ID FROM INPUT_OUTPUT WHERE NAME ='Organizational process assets';
SELECT MAX(ORDERID) AS ORDERID FROM INPUT_OUTPUT_KA_PG;
INSERT INTO INPUT_OUTPUT_KA_PG VALUES(180,6,4,2,21,180,1);
SELECT MAX(ID) AS ID FROM TOOLTECHNIQUE_KA_PG;
SELECT ID FROM TOOLTECHNIQUE WHERE NAME ='Cost of quality';
SELECT MAX(ID) AS ID FROM TOOLTECHNIQUE;
INSERT INTO TOOLTECHNIQUE VALUES(44,'Cost of quality');
SELECT MAX(ORDERID) AS ORDERID FROM INPUT_OUTPUT_KA_PG;
INSERT INTO TOOLTECHNIQUE_KA_PG VALUES(84,44,4,2,21,181);
SELECT MAX(ID) AS ID FROM TOOLTECHNIQUE_KA_PG;
SELECT ID FROM TOOLTECHNIQUE WHERE NAME ='Project management estimating software';
SELECT MAX(ID) AS ID FROM TOOLTECHNIQUE;
INSERT INTO TOOLTECHNIQUE VALUES(45,'Project management estimating software');
SELECT MAX(ORDERID) AS ORDERID FROM INPUT_OUTPUT_KA_PG;
INSERT INTO TOOLTECHNIQUE_KA_PG VALUES(85,45,4,2,21,181);
SELECT MAX(ID) AS ID FROM TOOLTECHNIQUE_KA_PG;
SELECT ID FROM TOOLTECHNIQUE WHERE NAME ='Vendor bid analysis';
SELECT MAX(ID) AS ID FROM TOOLTECHNIQUE;
INSERT INTO TOOLTECHNIQUE VALUES(46,'Vendor bid analysis');
SELECT MAX(ORDERID) AS ORDERID FROM INPUT_OUTPUT_KA_PG;
INSERT INTO TOOLTECHNIQUE_KA_PG VALUES(86,46,4,2,21,181);
SELECT MAX(ID) AS ID FROM TOOLTECHNIQUE_KA_PG;
SELECT ID FROM TOOLTECHNIQUE WHERE NAME ='Group decision making techniques';
SELECT MAX(ORDERID) AS ORDERID FROM INPUT_OUTPUT_KA_PG;
INSERT INTO TOOLTECHNIQUE_KA_PG VALUES(87,12,4,2,21,181);
SELECT MAX(ID) AS ID FROM INPUT_OUTPUT_KA_PG;
SELECT ID FROM INPUT_OUTPUT WHERE NAME ='Cost management plan';
SELECT MAX(ORDERID) AS ORDERID FROM INPUT_OUTPUT_KA_PG;
INSERT INTO INPUT_OUTPUT_KA_PG VALUES(181,52,4,2,22,181,1);
SELECT MAX(ID) AS ID FROM INPUT_OUTPUT_KA_PG;
SELECT ID FROM INPUT_OUTPUT WHERE NAME ='Cost baseline';
SELECT MAX(ID) AS ID FROM INPUT_OUTPUT;
INSERT INTO INPUT_OUTPUT VALUES(55,'Cost baseline');
SELECT MAX(ORDERID) AS ORDERID FROM INPUT_OUTPUT_KA_PG;
INSERT INTO INPUT_OUTPUT_KA_PG VALUES(182,55,4,2,22,182,0);
SELECT MAX(ID) AS ID FROM TOOLTECHNIQUE_KA_PG;
SELECT ID FROM TOOLTECHNIQUE WHERE NAME ='Cost aggregation';
SELECT MAX(ID) AS ID FROM TOOLTECHNIQUE;
INSERT INTO TOOLTECHNIQUE VALUES(47,'Cost aggregation');
SELECT MAX(ORDERID) AS ORDERID FROM INPUT_OUTPUT_KA_PG;
INSERT INTO TOOLTECHNIQUE_KA_PG VALUES(88,47,4,2,22,183);
SELECT MAX(ID) AS ID FROM INPUT_OUTPUT_KA_PG;
SELECT ID FROM INPUT_OUTPUT WHERE NAME ='Scope baseline';
SELECT MAX(ORDERID) AS ORDERID FROM INPUT_OUTPUT_KA_PG;
INSERT INTO INPUT_OUTPUT_KA_PG VALUES(183,32,4,2,22,183,1);
SELECT MAX(ID) AS ID FROM INPUT_OUTPUT_KA_PG;
SELECT ID FROM INPUT_OUTPUT WHERE NAME ='Project funding requirements';
SELECT MAX(ID) AS ID FROM INPUT_OUTPUT;
INSERT INTO INPUT_OUTPUT VALUES(56,'Project funding requirements');
SELECT MAX(ORDERID) AS ORDERID FROM INPUT_OUTPUT_KA_PG;
INSERT INTO INPUT_OUTPUT_KA_PG VALUES(184,56,4,2,22,184,0);
SELECT MAX(ID) AS ID FROM TOOLTECHNIQUE_KA_PG;
SELECT ID FROM TOOLTECHNIQUE WHERE NAME ='Reserve analysis';
SELECT MAX(ORDERID) AS ORDERID FROM INPUT_OUTPUT_KA_PG;
INSERT INTO TOOLTECHNIQUE_KA_PG VALUES(89,35,4,2,22,185);
SELECT MAX(ID) AS ID FROM INPUT_OUTPUT_KA_PG;
SELECT ID FROM INPUT_OUTPUT WHERE NAME ='Activity cost estimates';
SELECT MAX(ORDERID) AS ORDERID FROM INPUT_OUTPUT_KA_PG;
INSERT INTO INPUT_OUTPUT_KA_PG VALUES(185,43,4,2,22,185,1);
SELECT MAX(ID) AS ID FROM INPUT_OUTPUT_KA_PG;
SELECT ID FROM INPUT_OUTPUT WHERE NAME ='Project document updates';
SELECT MAX(ORDERID) AS ORDERID FROM INPUT_OUTPUT_KA_PG;
INSERT INTO INPUT_OUTPUT_KA_PG VALUES(186,14,4,2,22,186,0);
SELECT MAX(ID) AS ID FROM TOOLTECHNIQUE_KA_PG;
SELECT ID FROM TOOLTECHNIQUE WHERE NAME ='Expert judgement';
SELECT MAX(ORDERID) AS ORDERID FROM INPUT_OUTPUT_KA_PG;
INSERT INTO TOOLTECHNIQUE_KA_PG VALUES(90,7,4,2,22,187);
SELECT MAX(ID) AS ID FROM INPUT_OUTPUT_KA_PG;
SELECT ID FROM INPUT_OUTPUT WHERE NAME ='Basis of estimates';
SELECT MAX(ORDERID) AS ORDERID FROM INPUT_OUTPUT_KA_PG;
INSERT INTO INPUT_OUTPUT_KA_PG VALUES(187,54,4,2,22,187,1);
SELECT MAX(ID) AS ID FROM TOOLTECHNIQUE_KA_PG;
SELECT ID FROM TOOLTECHNIQUE WHERE NAME ='Historical relationships';
SELECT MAX(ID) AS ID FROM TOOLTECHNIQUE;
INSERT INTO TOOLTECHNIQUE VALUES(48,'Historical relationships');
SELECT MAX(ORDERID) AS ORDERID FROM INPUT_OUTPUT_KA_PG;
INSERT INTO TOOLTECHNIQUE_KA_PG VALUES(91,48,4,2,22,188);
SELECT MAX(ID) AS ID FROM INPUT_OUTPUT_KA_PG;
SELECT ID FROM INPUT_OUTPUT WHERE NAME ='Project schedule';
SELECT MAX(ORDERID) AS ORDERID FROM INPUT_OUTPUT_KA_PG;
INSERT INTO INPUT_OUTPUT_KA_PG VALUES(188,46,4,2,22,188,1);
SELECT MAX(ID) AS ID FROM TOOLTECHNIQUE_KA_PG;
SELECT ID FROM TOOLTECHNIQUE WHERE NAME ='Funding limit reconciliation';
SELECT MAX(ID) AS ID FROM TOOLTECHNIQUE;
INSERT INTO TOOLTECHNIQUE VALUES(49,'Funding limit reconciliation');
SELECT MAX(ORDERID) AS ORDERID FROM INPUT_OUTPUT_KA_PG;
INSERT INTO TOOLTECHNIQUE_KA_PG VALUES(92,49,4,2,22,189);
SELECT MAX(ID) AS ID FROM INPUT_OUTPUT_KA_PG;
SELECT ID FROM INPUT_OUTPUT WHERE NAME ='Resource calendars';
SELECT MAX(ORDERID) AS ORDERID FROM INPUT_OUTPUT_KA_PG;
INSERT INTO INPUT_OUTPUT_KA_PG VALUES(189,41,4,2,22,189,1);
SELECT MAX(ID) AS ID FROM INPUT_OUTPUT_KA_PG;
SELECT ID FROM INPUT_OUTPUT WHERE NAME ='Risk register';
SELECT MAX(ORDERID) AS ORDERID FROM INPUT_OUTPUT_KA_PG;
INSERT INTO INPUT_OUTPUT_KA_PG VALUES(190,42,4,2,22,190,1);
SELECT MAX(ID) AS ID FROM INPUT_OUTPUT_KA_PG;
SELECT ID FROM INPUT_OUTPUT WHERE NAME ='Agreements';
SELECT MAX(ORDERID) AS ORDERID FROM INPUT_OUTPUT_KA_PG;
INSERT INTO INPUT_OUTPUT_KA_PG VALUES(191,4,4,2,22,191,1);
SELECT MAX(ID) AS ID FROM INPUT_OUTPUT_KA_PG;
SELECT ID FROM INPUT_OUTPUT WHERE NAME ='Organizational process assets';
SELECT MAX(ORDERID) AS ORDERID FROM INPUT_OUTPUT_KA_PG;
INSERT INTO INPUT_OUTPUT_KA_PG VALUES(192,6,4,2,22,192,1);
SELECT MAX(ID) AS ID FROM INPUT_OUTPUT_KA_PG;
SELECT ID FROM INPUT_OUTPUT WHERE NAME ='Project management plan';
SELECT MAX(ORDERID) AS ORDERID FROM INPUT_OUTPUT_KA_PG;
INSERT INTO INPUT_OUTPUT_KA_PG VALUES(193,7,4,4,23,193,1);
SELECT MAX(ID) AS ID FROM INPUT_OUTPUT_KA_PG;
SELECT ID FROM INPUT_OUTPUT WHERE NAME ='Work performance information';
SELECT MAX(ORDERID) AS ORDERID FROM INPUT_OUTPUT_KA_PG;
INSERT INTO INPUT_OUTPUT_KA_PG VALUES(194,19,4,4,23,194,0);
SELECT MAX(ID) AS ID FROM TOOLTECHNIQUE_KA_PG;
SELECT ID FROM TOOLTECHNIQUE WHERE NAME ='Earned value management';
SELECT MAX(ID) AS ID FROM TOOLTECHNIQUE;
INSERT INTO TOOLTECHNIQUE VALUES(50,'Earned value management');
SELECT MAX(ORDERID) AS ORDERID FROM INPUT_OUTPUT_KA_PG;
INSERT INTO TOOLTECHNIQUE_KA_PG VALUES(93,50,4,4,23,195);
SELECT MAX(ID) AS ID FROM INPUT_OUTPUT_KA_PG;
SELECT ID FROM INPUT_OUTPUT WHERE NAME ='Project funding requirements';
SELECT MAX(ORDERID) AS ORDERID FROM INPUT_OUTPUT_KA_PG;
INSERT INTO INPUT_OUTPUT_KA_PG VALUES(195,56,4,4,23,195,1);
SELECT MAX(ID) AS ID FROM INPUT_OUTPUT_KA_PG;
SELECT ID FROM INPUT_OUTPUT WHERE NAME ='Cost forecasts';
SELECT MAX(ORDERID) AS ORDERID FROM INPUT_OUTPUT_KA_PG;
INSERT INTO INPUT_OUTPUT_KA_PG VALUES(196,17,4,4,23,196,0);
SELECT MAX(ID) AS ID FROM TOOLTECHNIQUE_KA_PG;
SELECT ID FROM TOOLTECHNIQUE WHERE NAME ='Forecasting';
SELECT MAX(ID) AS ID FROM TOOLTECHNIQUE;
INSERT INTO TOOLTECHNIQUE VALUES(51,'Forecasting');
SELECT MAX(ORDERID) AS ORDERID FROM INPUT_OUTPUT_KA_PG;
INSERT INTO TOOLTECHNIQUE_KA_PG VALUES(94,51,4,4,23,197);
SELECT MAX(ID) AS ID FROM INPUT_OUTPUT_KA_PG;
SELECT ID FROM INPUT_OUTPUT WHERE NAME ='Work performance data';
SELECT MAX(ORDERID) AS ORDERID FROM INPUT_OUTPUT_KA_PG;
INSERT INTO INPUT_OUTPUT_KA_PG VALUES(197,11,4,4,23,197,1);
SELECT MAX(ID) AS ID FROM INPUT_OUTPUT_KA_PG;
SELECT ID FROM INPUT_OUTPUT WHERE NAME ='Change requests';
SELECT MAX(ORDERID) AS ORDERID FROM INPUT_OUTPUT_KA_PG;
INSERT INTO INPUT_OUTPUT_KA_PG VALUES(198,12,4,4,23,198,0);
SELECT MAX(ID) AS ID FROM TOOLTECHNIQUE_KA_PG;
SELECT ID FROM TOOLTECHNIQUE WHERE NAME ='To-complete performance index';
SELECT MAX(ID) AS ID FROM TOOLTECHNIQUE;
INSERT INTO TOOLTECHNIQUE VALUES(52,'To-complete performance index');
SELECT MAX(ORDERID) AS ORDERID FROM INPUT_OUTPUT_KA_PG;
INSERT INTO TOOLTECHNIQUE_KA_PG VALUES(95,52,4,4,23,199);
SELECT MAX(ID) AS ID FROM INPUT_OUTPUT_KA_PG;
SELECT ID FROM INPUT_OUTPUT WHERE NAME ='Organizational process assets';
SELECT MAX(ORDERID) AS ORDERID FROM INPUT_OUTPUT_KA_PG;
INSERT INTO INPUT_OUTPUT_KA_PG VALUES(199,6,4,4,23,199,1);
SELECT MAX(ID) AS ID FROM INPUT_OUTPUT_KA_PG;
SELECT ID FROM INPUT_OUTPUT WHERE NAME ='Project management plan updates';
SELECT MAX(ORDERID) AS ORDERID FROM INPUT_OUTPUT_KA_PG;
INSERT INTO INPUT_OUTPUT_KA_PG VALUES(200,13,4,4,23,200,0);
SELECT MAX(ID) AS ID FROM TOOLTECHNIQUE_KA_PG;
SELECT ID FROM TOOLTECHNIQUE WHERE NAME ='Performance Reviews';
SELECT MAX(ID) AS ID FROM TOOLTECHNIQUE;
INSERT INTO TOOLTECHNIQUE VALUES(53,'Performance Reviews');
SELECT MAX(ORDERID) AS ORDERID FROM INPUT_OUTPUT_KA_PG;
INSERT INTO TOOLTECHNIQUE_KA_PG VALUES(96,53,4,4,23,201);
SELECT MAX(ID) AS ID FROM INPUT_OUTPUT_KA_PG;
SELECT ID FROM INPUT_OUTPUT WHERE NAME ='Project document updates';
SELECT MAX(ORDERID) AS ORDERID FROM INPUT_OUTPUT_KA_PG;
INSERT INTO INPUT_OUTPUT_KA_PG VALUES(201,14,4,4,23,201,0);
SELECT MAX(ID) AS ID FROM TOOLTECHNIQUE_KA_PG;
SELECT ID FROM TOOLTECHNIQUE WHERE NAME ='Project management software';
SELECT MAX(ORDERID) AS ORDERID FROM INPUT_OUTPUT_KA_PG;
INSERT INTO TOOLTECHNIQUE_KA_PG VALUES(97,31,4,4,23,202);
SELECT MAX(ID) AS ID FROM INPUT_OUTPUT_KA_PG;
SELECT ID FROM INPUT_OUTPUT WHERE NAME ='Organizational process assets updates';
SELECT MAX(ORDERID) AS ORDERID FROM INPUT_OUTPUT_KA_PG;
INSERT INTO INPUT_OUTPUT_KA_PG VALUES(202,23,4,4,23,202,0);
SELECT MAX(ID) AS ID FROM TOOLTECHNIQUE_KA_PG;
SELECT ID FROM TOOLTECHNIQUE WHERE NAME ='Reserve analysis';
SELECT MAX(ORDERID) AS ORDERID FROM INPUT_OUTPUT_KA_PG;
INSERT INTO TOOLTECHNIQUE_KA_PG VALUES(98,35,4,4,23,203);
SELECT MAX(ID) AS ID FROM INPUT_OUTPUT_KA_PG;
SELECT ID FROM INPUT_OUTPUT WHERE NAME ='Project management plan';
SELECT MAX(ORDERID) AS ORDERID FROM INPUT_OUTPUT_KA_PG;
INSERT INTO INPUT_OUTPUT_KA_PG VALUES(203,7,5,2,24,203,1);
SELECT MAX(ID) AS ID FROM INPUT_OUTPUT_KA_PG;
SELECT ID FROM INPUT_OUTPUT WHERE NAME ='Quality management plan';
SELECT MAX(ID) AS ID FROM INPUT_OUTPUT;
INSERT INTO INPUT_OUTPUT VALUES(57,'Quality management plan');
SELECT MAX(ORDERID) AS ORDERID FROM INPUT_OUTPUT_KA_PG;
INSERT INTO INPUT_OUTPUT_KA_PG VALUES(204,57,5,2,24,204,0);
SELECT MAX(ID) AS ID FROM TOOLTECHNIQUE_KA_PG;
SELECT ID FROM TOOLTECHNIQUE WHERE NAME ='Cost-benefit analysis';
SELECT MAX(ID) AS ID FROM TOOLTECHNIQUE;
INSERT INTO TOOLTECHNIQUE VALUES(54,'Cost-benefit analysis');
SELECT MAX(ORDERID) AS ORDERID FROM INPUT_OUTPUT_KA_PG;
INSERT INTO TOOLTECHNIQUE_KA_PG VALUES(99,54,5,2,24,205);
SELECT MAX(ID) AS ID FROM INPUT_OUTPUT_KA_PG;
SELECT ID FROM INPUT_OUTPUT WHERE NAME ='Stakeholder register';
SELECT MAX(ORDERID) AS ORDERID FROM INPUT_OUTPUT_KA_PG;
INSERT INTO INPUT_OUTPUT_KA_PG VALUES(205,30,5,2,24,205,1);
SELECT MAX(ID) AS ID FROM INPUT_OUTPUT_KA_PG;
SELECT ID FROM INPUT_OUTPUT WHERE NAME ='Process improvement plan';
SELECT MAX(ID) AS ID FROM INPUT_OUTPUT;
INSERT INTO INPUT_OUTPUT VALUES(58,'Process improvement plan');
SELECT MAX(ORDERID) AS ORDERID FROM INPUT_OUTPUT_KA_PG;
INSERT INTO INPUT_OUTPUT_KA_PG VALUES(206,58,5,2,24,206,0);
SELECT MAX(ID) AS ID FROM TOOLTECHNIQUE_KA_PG;
SELECT ID FROM TOOLTECHNIQUE WHERE NAME ='Cost of quality';
SELECT MAX(ORDERID) AS ORDERID FROM INPUT_OUTPUT_KA_PG;
INSERT INTO TOOLTECHNIQUE_KA_PG VALUES(100,44,5,2,24,207);
SELECT MAX(ID) AS ID FROM INPUT_OUTPUT_KA_PG;
SELECT ID FROM INPUT_OUTPUT WHERE NAME ='Risk register';
SELECT MAX(ORDERID) AS ORDERID FROM INPUT_OUTPUT_KA_PG;
INSERT INTO INPUT_OUTPUT_KA_PG VALUES(207,42,5,2,24,207,1);
SELECT MAX(ID) AS ID FROM INPUT_OUTPUT_KA_PG;
SELECT ID FROM INPUT_OUTPUT WHERE NAME ='Quality metrics';
SELECT MAX(ID) AS ID FROM INPUT_OUTPUT;
INSERT INTO INPUT_OUTPUT VALUES(59,'Quality metrics');
SELECT MAX(ORDERID) AS ORDERID FROM INPUT_OUTPUT_KA_PG;
INSERT INTO INPUT_OUTPUT_KA_PG VALUES(208,59,5,2,24,208,0);
SELECT MAX(ID) AS ID FROM TOOLTECHNIQUE_KA_PG;
SELECT ID FROM TOOLTECHNIQUE WHERE NAME ='Seven basic quality tools';
SELECT MAX(ID) AS ID FROM TOOLTECHNIQUE;
INSERT INTO TOOLTECHNIQUE VALUES(55,'Seven basic quality tools');
SELECT MAX(ORDERID) AS ORDERID FROM INPUT_OUTPUT_KA_PG;
INSERT INTO TOOLTECHNIQUE_KA_PG VALUES(101,55,5,2,24,209);
SELECT MAX(ID) AS ID FROM INPUT_OUTPUT_KA_PG;
SELECT ID FROM INPUT_OUTPUT WHERE NAME ='Requirements documentation';
SELECT MAX(ORDERID) AS ORDERID FROM INPUT_OUTPUT_KA_PG;
INSERT INTO INPUT_OUTPUT_KA_PG VALUES(209,27,5,2,24,209,1);
SELECT MAX(ID) AS ID FROM INPUT_OUTPUT_KA_PG;
SELECT ID FROM INPUT_OUTPUT WHERE NAME ='Quality checklists';
SELECT MAX(ID) AS ID FROM INPUT_OUTPUT;
INSERT INTO INPUT_OUTPUT VALUES(60,'Quality checklists');
SELECT MAX(ORDERID) AS ORDERID FROM INPUT_OUTPUT_KA_PG;
INSERT INTO INPUT_OUTPUT_KA_PG VALUES(210,60,5,2,24,210,0);
SELECT MAX(ID) AS ID FROM TOOLTECHNIQUE_KA_PG;
SELECT ID FROM TOOLTECHNIQUE WHERE NAME ='Benchmarking';
SELECT MAX(ORDERID) AS ORDERID FROM INPUT_OUTPUT_KA_PG;
INSERT INTO TOOLTECHNIQUE_KA_PG VALUES(102,16,5,2,24,211);
SELECT MAX(ID) AS ID FROM INPUT_OUTPUT_KA_PG;
SELECT ID FROM INPUT_OUTPUT WHERE NAME ='Enterprise environmental factors';
SELECT MAX(ORDERID) AS ORDERID FROM INPUT_OUTPUT_KA_PG;
INSERT INTO INPUT_OUTPUT_KA_PG VALUES(211,5,5,2,24,211,1);
SELECT MAX(ID) AS ID FROM INPUT_OUTPUT_KA_PG;
SELECT ID FROM INPUT_OUTPUT WHERE NAME ='Project document updates';
SELECT MAX(ORDERID) AS ORDERID FROM INPUT_OUTPUT_KA_PG;
INSERT INTO INPUT_OUTPUT_KA_PG VALUES(212,14,5,2,24,212,0);
SELECT MAX(ID) AS ID FROM TOOLTECHNIQUE_KA_PG;
SELECT ID FROM TOOLTECHNIQUE WHERE NAME ='Design of experiments';
SELECT MAX(ID) AS ID FROM TOOLTECHNIQUE;
INSERT INTO TOOLTECHNIQUE VALUES(56,'Design of experiments');
SELECT MAX(ORDERID) AS ORDERID FROM INPUT_OUTPUT_KA_PG;
INSERT INTO TOOLTECHNIQUE_KA_PG VALUES(103,56,5,2,24,213);
SELECT MAX(ID) AS ID FROM INPUT_OUTPUT_KA_PG;
SELECT ID FROM INPUT_OUTPUT WHERE NAME ='Organizational process assets';
SELECT MAX(ORDERID) AS ORDERID FROM INPUT_OUTPUT_KA_PG;
INSERT INTO INPUT_OUTPUT_KA_PG VALUES(213,6,5,2,24,213,1);
SELECT MAX(ID) AS ID FROM TOOLTECHNIQUE_KA_PG;
SELECT ID FROM TOOLTECHNIQUE WHERE NAME ='Statistical sampling';
SELECT MAX(ID) AS ID FROM TOOLTECHNIQUE;
INSERT INTO TOOLTECHNIQUE VALUES(57,'Statistical sampling');
SELECT MAX(ORDERID) AS ORDERID FROM INPUT_OUTPUT_KA_PG;
INSERT INTO TOOLTECHNIQUE_KA_PG VALUES(104,57,5,2,24,214);
SELECT MAX(ID) AS ID FROM TOOLTECHNIQUE_KA_PG;
SELECT ID FROM TOOLTECHNIQUE WHERE NAME ='Additional quality planning tools';
SELECT MAX(ID) AS ID FROM TOOLTECHNIQUE;
INSERT INTO TOOLTECHNIQUE VALUES(58,'Additional quality planning tools');
SELECT MAX(ORDERID) AS ORDERID FROM INPUT_OUTPUT_KA_PG;
INSERT INTO TOOLTECHNIQUE_KA_PG VALUES(105,58,5,2,24,214);
SELECT MAX(ID) AS ID FROM TOOLTECHNIQUE_KA_PG;
SELECT ID FROM TOOLTECHNIQUE WHERE NAME ='Meetings';
SELECT MAX(ORDERID) AS ORDERID FROM INPUT_OUTPUT_KA_PG;
INSERT INTO TOOLTECHNIQUE_KA_PG VALUES(106,4,5,2,24,214);
SELECT MAX(ID) AS ID FROM INPUT_OUTPUT_KA_PG;
SELECT ID FROM INPUT_OUTPUT WHERE NAME ='Quality management plan';
SELECT MAX(ORDERID) AS ORDERID FROM INPUT_OUTPUT_KA_PG;
INSERT INTO INPUT_OUTPUT_KA_PG VALUES(214,57,5,3,25,214,1);
SELECT MAX(ID) AS ID FROM INPUT_OUTPUT_KA_PG;
SELECT ID FROM INPUT_OUTPUT WHERE NAME ='Change requests';
SELECT MAX(ORDERID) AS ORDERID FROM INPUT_OUTPUT_KA_PG;
INSERT INTO INPUT_OUTPUT_KA_PG VALUES(215,12,5,3,25,215,0);
SELECT MAX(ID) AS ID FROM TOOLTECHNIQUE_KA_PG;
SELECT ID FROM TOOLTECHNIQUE WHERE NAME ='Quality management and control tools';
SELECT MAX(ID) AS ID FROM TOOLTECHNIQUE;
INSERT INTO TOOLTECHNIQUE VALUES(59,'Quality management and control tools');
SELECT MAX(ORDERID) AS ORDERID FROM INPUT_OUTPUT_KA_PG;
INSERT INTO TOOLTECHNIQUE_KA_PG VALUES(107,59,5,3,25,216);
SELECT MAX(ID) AS ID FROM INPUT_OUTPUT_KA_PG;
SELECT ID FROM INPUT_OUTPUT WHERE NAME ='Process improvement plan';
SELECT MAX(ORDERID) AS ORDERID FROM INPUT_OUTPUT_KA_PG;
INSERT INTO INPUT_OUTPUT_KA_PG VALUES(216,58,5,3,25,216,1);
SELECT MAX(ID) AS ID FROM INPUT_OUTPUT_KA_PG;
SELECT ID FROM INPUT_OUTPUT WHERE NAME ='Project management plan updates';
SELECT MAX(ORDERID) AS ORDERID FROM INPUT_OUTPUT_KA_PG;
INSERT INTO INPUT_OUTPUT_KA_PG VALUES(217,13,5,3,25,217,0);
SELECT MAX(ID) AS ID FROM TOOLTECHNIQUE_KA_PG;
SELECT ID FROM TOOLTECHNIQUE WHERE NAME ='Quality audits';
SELECT MAX(ID) AS ID FROM TOOLTECHNIQUE;
INSERT INTO TOOLTECHNIQUE VALUES(60,'Quality audits');
SELECT MAX(ORDERID) AS ORDERID FROM INPUT_OUTPUT_KA_PG;
INSERT INTO TOOLTECHNIQUE_KA_PG VALUES(108,60,5,3,25,218);
SELECT MAX(ID) AS ID FROM INPUT_OUTPUT_KA_PG;
SELECT ID FROM INPUT_OUTPUT WHERE NAME ='Quality metrics';
SELECT MAX(ORDERID) AS ORDERID FROM INPUT_OUTPUT_KA_PG;
INSERT INTO INPUT_OUTPUT_KA_PG VALUES(218,59,5,3,25,218,1);
SELECT MAX(ID) AS ID FROM INPUT_OUTPUT_KA_PG;
SELECT ID FROM INPUT_OUTPUT WHERE NAME ='Project document updates';
SELECT MAX(ORDERID) AS ORDERID FROM INPUT_OUTPUT_KA_PG;
INSERT INTO INPUT_OUTPUT_KA_PG VALUES(219,14,5,3,25,219,0);
SELECT MAX(ID) AS ID FROM TOOLTECHNIQUE_KA_PG;
SELECT ID FROM TOOLTECHNIQUE WHERE NAME ='Process analysis';
SELECT MAX(ID) AS ID FROM TOOLTECHNIQUE;
INSERT INTO TOOLTECHNIQUE VALUES(61,'Process analysis');
SELECT MAX(ORDERID) AS ORDERID FROM INPUT_OUTPUT_KA_PG;
INSERT INTO TOOLTECHNIQUE_KA_PG VALUES(109,61,5,3,25,220);
SELECT MAX(ID) AS ID FROM INPUT_OUTPUT_KA_PG;
SELECT ID FROM INPUT_OUTPUT WHERE NAME ='Quality Control Measurements';
SELECT MAX(ID) AS ID FROM INPUT_OUTPUT;
INSERT INTO INPUT_OUTPUT VALUES(61,'Quality Control Measurements');
SELECT MAX(ORDERID) AS ORDERID FROM INPUT_OUTPUT_KA_PG;
INSERT INTO INPUT_OUTPUT_KA_PG VALUES(220,61,5,3,25,220,1);
SELECT MAX(ID) AS ID FROM INPUT_OUTPUT_KA_PG;
SELECT ID FROM INPUT_OUTPUT WHERE NAME ='Organizational process assets updates';
SELECT MAX(ORDERID) AS ORDERID FROM INPUT_OUTPUT_KA_PG;
INSERT INTO INPUT_OUTPUT_KA_PG VALUES(221,23,5,3,25,221,0);
SELECT MAX(ID) AS ID FROM INPUT_OUTPUT_KA_PG;
SELECT ID FROM INPUT_OUTPUT WHERE NAME ='Project documents';
SELECT MAX(ID) AS ID FROM INPUT_OUTPUT;
INSERT INTO INPUT_OUTPUT VALUES(62,'Project documents');
SELECT MAX(ORDERID) AS ORDERID FROM INPUT_OUTPUT_KA_PG;
INSERT INTO INPUT_OUTPUT_KA_PG VALUES(222,62,5,3,25,222,1);
SELECT MAX(ID) AS ID FROM INPUT_OUTPUT_KA_PG;
SELECT ID FROM INPUT_OUTPUT WHERE NAME ='Project management plan';
SELECT MAX(ORDERID) AS ORDERID FROM INPUT_OUTPUT_KA_PG;
INSERT INTO INPUT_OUTPUT_KA_PG VALUES(223,7,5,4,26,223,1);
SELECT MAX(ID) AS ID FROM INPUT_OUTPUT_KA_PG;
SELECT ID FROM INPUT_OUTPUT WHERE NAME ='Quality control measurements';
SELECT MAX(ID) AS ID FROM INPUT_OUTPUT;
INSERT INTO INPUT_OUTPUT VALUES(63,'Quality control measurements');
SELECT MAX(ORDERID) AS ORDERID FROM INPUT_OUTPUT_KA_PG;
INSERT INTO INPUT_OUTPUT_KA_PG VALUES(224,63,5,4,26,224,0);
SELECT MAX(ID) AS ID FROM TOOLTECHNIQUE_KA_PG;
SELECT ID FROM TOOLTECHNIQUE WHERE NAME ='Seven basic quality tools';
SELECT MAX(ORDERID) AS ORDERID FROM INPUT_OUTPUT_KA_PG;
INSERT INTO TOOLTECHNIQUE_KA_PG VALUES(110,55,5,4,26,225);
SELECT MAX(ID) AS ID FROM INPUT_OUTPUT_KA_PG;
SELECT ID FROM INPUT_OUTPUT WHERE NAME ='Quality metrics';
SELECT MAX(ORDERID) AS ORDERID FROM INPUT_OUTPUT_KA_PG;
INSERT INTO INPUT_OUTPUT_KA_PG VALUES(225,59,5,4,26,225,1);
SELECT MAX(ID) AS ID FROM INPUT_OUTPUT_KA_PG;
SELECT ID FROM INPUT_OUTPUT WHERE NAME ='Validated changes';
SELECT MAX(ORDERID) AS ORDERID FROM INPUT_OUTPUT_KA_PG;
INSERT INTO INPUT_OUTPUT_KA_PG VALUES(226,18,5,4,26,226,0);
SELECT MAX(ID) AS ID FROM TOOLTECHNIQUE_KA_PG;
SELECT ID FROM TOOLTECHNIQUE WHERE NAME ='Statistical sampling';
SELECT MAX(ORDERID) AS ORDERID FROM INPUT_OUTPUT_KA_PG;
INSERT INTO TOOLTECHNIQUE_KA_PG VALUES(111,57,5,4,26,227);
SELECT MAX(ID) AS ID FROM INPUT_OUTPUT_KA_PG;
SELECT ID FROM INPUT_OUTPUT WHERE NAME ='Quality Checklists';
SELECT MAX(ID) AS ID FROM INPUT_OUTPUT;
INSERT INTO INPUT_OUTPUT VALUES(64,'Quality Checklists');
SELECT MAX(ORDERID) AS ORDERID FROM INPUT_OUTPUT_KA_PG;
INSERT INTO INPUT_OUTPUT_KA_PG VALUES(227,64,5,4,26,227,1);
SELECT MAX(ID) AS ID FROM INPUT_OUTPUT_KA_PG;
SELECT ID FROM INPUT_OUTPUT WHERE NAME ='Validated deliverables';
SELECT MAX(ORDERID) AS ORDERID FROM INPUT_OUTPUT_KA_PG;
INSERT INTO INPUT_OUTPUT_KA_PG VALUES(228,33,5,4,26,228,0);
SELECT MAX(ID) AS ID FROM TOOLTECHNIQUE_KA_PG;
SELECT ID FROM TOOLTECHNIQUE WHERE NAME ='Inspection';
SELECT MAX(ORDERID) AS ORDERID FROM INPUT_OUTPUT_KA_PG;
INSERT INTO TOOLTECHNIQUE_KA_PG VALUES(112,22,5,4,26,229);
SELECT MAX(ID) AS ID FROM INPUT_OUTPUT_KA_PG;
SELECT ID FROM INPUT_OUTPUT WHERE NAME ='Work performance data';
SELECT MAX(ORDERID) AS ORDERID FROM INPUT_OUTPUT_KA_PG;
INSERT INTO INPUT_OUTPUT_KA_PG VALUES(229,11,5,4,26,229,1);
SELECT MAX(ID) AS ID FROM INPUT_OUTPUT_KA_PG;
SELECT ID FROM INPUT_OUTPUT WHERE NAME ='Work performance information';
SELECT MAX(ORDERID) AS ORDERID FROM INPUT_OUTPUT_KA_PG;
INSERT INTO INPUT_OUTPUT_KA_PG VALUES(230,19,5,4,26,230,0);
SELECT MAX(ID) AS ID FROM TOOLTECHNIQUE_KA_PG;
SELECT ID FROM TOOLTECHNIQUE WHERE NAME ='Approved change requests review';
SELECT MAX(ID) AS ID FROM TOOLTECHNIQUE;
INSERT INTO TOOLTECHNIQUE VALUES(62,'Approved change requests review');
SELECT MAX(ORDERID) AS ORDERID FROM INPUT_OUTPUT_KA_PG;
INSERT INTO TOOLTECHNIQUE_KA_PG VALUES(113,62,5,4,26,231);
SELECT MAX(ID) AS ID FROM INPUT_OUTPUT_KA_PG;
SELECT ID FROM INPUT_OUTPUT WHERE NAME ='Approved change requests';
SELECT MAX(ORDERID) AS ORDERID FROM INPUT_OUTPUT_KA_PG;
INSERT INTO INPUT_OUTPUT_KA_PG VALUES(231,10,5,4,26,231,1);
SELECT MAX(ID) AS ID FROM INPUT_OUTPUT_KA_PG;
SELECT ID FROM INPUT_OUTPUT WHERE NAME ='Change requests';
SELECT MAX(ORDERID) AS ORDERID FROM INPUT_OUTPUT_KA_PG;
INSERT INTO INPUT_OUTPUT_KA_PG VALUES(232,12,5,4,26,232,0);
SELECT MAX(ID) AS ID FROM INPUT_OUTPUT_KA_PG;
SELECT ID FROM INPUT_OUTPUT WHERE NAME ='Deliverables';
SELECT MAX(ORDERID) AS ORDERID FROM INPUT_OUTPUT_KA_PG;
INSERT INTO INPUT_OUTPUT_KA_PG VALUES(233,9,5,4,26,233,1);
SELECT MAX(ID) AS ID FROM INPUT_OUTPUT_KA_PG;
SELECT ID FROM INPUT_OUTPUT WHERE NAME ='Project management plan updates';
SELECT MAX(ORDERID) AS ORDERID FROM INPUT_OUTPUT_KA_PG;
INSERT INTO INPUT_OUTPUT_KA_PG VALUES(234,13,5,4,26,234,0);
SELECT MAX(ID) AS ID FROM INPUT_OUTPUT_KA_PG;
SELECT ID FROM INPUT_OUTPUT WHERE NAME ='Project documents';
SELECT MAX(ORDERID) AS ORDERID FROM INPUT_OUTPUT_KA_PG;
INSERT INTO INPUT_OUTPUT_KA_PG VALUES(235,62,5,4,26,235,1);
SELECT MAX(ID) AS ID FROM INPUT_OUTPUT_KA_PG;
SELECT ID FROM INPUT_OUTPUT WHERE NAME ='Project document updates';
SELECT MAX(ORDERID) AS ORDERID FROM INPUT_OUTPUT_KA_PG;
INSERT INTO INPUT_OUTPUT_KA_PG VALUES(236,14,5,4,26,236,0);
SELECT MAX(ID) AS ID FROM INPUT_OUTPUT_KA_PG;
SELECT ID FROM INPUT_OUTPUT WHERE NAME ='Organizational process assets';
SELECT MAX(ORDERID) AS ORDERID FROM INPUT_OUTPUT_KA_PG;
INSERT INTO INPUT_OUTPUT_KA_PG VALUES(237,6,5,4,26,237,1);
SELECT MAX(ID) AS ID FROM INPUT_OUTPUT_KA_PG;
SELECT ID FROM INPUT_OUTPUT WHERE NAME ='Organizational process assets updates';
SELECT MAX(ORDERID) AS ORDERID FROM INPUT_OUTPUT_KA_PG;
INSERT INTO INPUT_OUTPUT_KA_PG VALUES(238,23,5,4,26,238,0);
SELECT MAX(ID) AS ID FROM INPUT_OUTPUT_KA_PG;
SELECT ID FROM INPUT_OUTPUT WHERE NAME ='Project management plan';
SELECT MAX(ORDERID) AS ORDERID FROM INPUT_OUTPUT_KA_PG;
INSERT INTO INPUT_OUTPUT_KA_PG VALUES(239,7,6,2,27,239,1);
SELECT MAX(ID) AS ID FROM INPUT_OUTPUT_KA_PG;
SELECT ID FROM INPUT_OUTPUT WHERE NAME ='Human resource management plan';
SELECT MAX(ORDERID) AS ORDERID FROM INPUT_OUTPUT_KA_PG;
INSERT INTO INPUT_OUTPUT_KA_PG VALUES(240,53,6,2,27,240,0);
SELECT MAX(ID) AS ID FROM TOOLTECHNIQUE_KA_PG;
SELECT ID FROM TOOLTECHNIQUE WHERE NAME ='Organization charts and position descriptions';
SELECT MAX(ID) AS ID FROM TOOLTECHNIQUE;
INSERT INTO TOOLTECHNIQUE VALUES(63,'Organization charts and position descriptions');
SELECT MAX(ORDERID) AS ORDERID FROM INPUT_OUTPUT_KA_PG;
INSERT INTO TOOLTECHNIQUE_KA_PG VALUES(114,63,6,2,27,241);
SELECT MAX(ID) AS ID FROM INPUT_OUTPUT_KA_PG;
SELECT ID FROM INPUT_OUTPUT WHERE NAME ='Activity resource requirements';
SELECT MAX(ORDERID) AS ORDERID FROM INPUT_OUTPUT_KA_PG;
INSERT INTO INPUT_OUTPUT_KA_PG VALUES(241,39,6,2,27,241,1);
SELECT MAX(ID) AS ID FROM TOOLTECHNIQUE_KA_PG;
SELECT ID FROM TOOLTECHNIQUE WHERE NAME ='Networking';
SELECT MAX(ID) AS ID FROM TOOLTECHNIQUE;
INSERT INTO TOOLTECHNIQUE VALUES(64,'Networking');
SELECT MAX(ORDERID) AS ORDERID FROM INPUT_OUTPUT_KA_PG;
INSERT INTO TOOLTECHNIQUE_KA_PG VALUES(115,64,6,2,27,242);
SELECT MAX(ID) AS ID FROM INPUT_OUTPUT_KA_PG;
SELECT ID FROM INPUT_OUTPUT WHERE NAME ='Enterprise environmental factors';
SELECT MAX(ORDERID) AS ORDERID FROM INPUT_OUTPUT_KA_PG;
INSERT INTO INPUT_OUTPUT_KA_PG VALUES(242,5,6,2,27,242,1);
SELECT MAX(ID) AS ID FROM TOOLTECHNIQUE_KA_PG;
SELECT ID FROM TOOLTECHNIQUE WHERE NAME ='Organizational Theory';
SELECT MAX(ID) AS ID FROM TOOLTECHNIQUE;
INSERT INTO TOOLTECHNIQUE VALUES(65,'Organizational Theory');
SELECT MAX(ORDERID) AS ORDERID FROM INPUT_OUTPUT_KA_PG;
INSERT INTO TOOLTECHNIQUE_KA_PG VALUES(116,65,6,2,27,243);
SELECT MAX(ID) AS ID FROM INPUT_OUTPUT_KA_PG;
SELECT ID FROM INPUT_OUTPUT WHERE NAME ='Organizational process assets';
SELECT MAX(ORDERID) AS ORDERID FROM INPUT_OUTPUT_KA_PG;
INSERT INTO INPUT_OUTPUT_KA_PG VALUES(243,6,6,2,27,243,1);
SELECT MAX(ID) AS ID FROM TOOLTECHNIQUE_KA_PG;
SELECT ID FROM TOOLTECHNIQUE WHERE NAME ='Expert judgement';
SELECT MAX(ORDERID) AS ORDERID FROM INPUT_OUTPUT_KA_PG;
INSERT INTO TOOLTECHNIQUE_KA_PG VALUES(117,7,6,2,27,244);
SELECT MAX(ID) AS ID FROM TOOLTECHNIQUE_KA_PG;
SELECT ID FROM TOOLTECHNIQUE WHERE NAME ='Meetings';
SELECT MAX(ORDERID) AS ORDERID FROM INPUT_OUTPUT_KA_PG;
INSERT INTO TOOLTECHNIQUE_KA_PG VALUES(118,4,6,2,27,244);
SELECT MAX(ID) AS ID FROM INPUT_OUTPUT_KA_PG;
SELECT ID FROM INPUT_OUTPUT WHERE NAME ='Human resource management plan';
SELECT MAX(ORDERID) AS ORDERID FROM INPUT_OUTPUT_KA_PG;
INSERT INTO INPUT_OUTPUT_KA_PG VALUES(244,53,6,3,28,244,1);
SELECT MAX(ID) AS ID FROM INPUT_OUTPUT_KA_PG;
SELECT ID FROM INPUT_OUTPUT WHERE NAME ='Project staff assignments';
SELECT MAX(ORDERID) AS ORDERID FROM INPUT_OUTPUT_KA_PG;
INSERT INTO INPUT_OUTPUT_KA_PG VALUES(245,51,6,3,28,245,0);
SELECT MAX(ID) AS ID FROM TOOLTECHNIQUE_KA_PG;
SELECT ID FROM TOOLTECHNIQUE WHERE NAME ='Pre-assignment';
SELECT MAX(ID) AS ID FROM TOOLTECHNIQUE;
INSERT INTO TOOLTECHNIQUE VALUES(66,'Pre-assignment');
SELECT MAX(ORDERID) AS ORDERID FROM INPUT_OUTPUT_KA_PG;
INSERT INTO TOOLTECHNIQUE_KA_PG VALUES(119,66,6,3,28,246);
SELECT MAX(ID) AS ID FROM INPUT_OUTPUT_KA_PG;
SELECT ID FROM INPUT_OUTPUT WHERE NAME ='Enterprise environmental factors';
SELECT MAX(ORDERID) AS ORDERID FROM INPUT_OUTPUT_KA_PG;
INSERT INTO INPUT_OUTPUT_KA_PG VALUES(246,5,6,3,28,246,1);
SELECT MAX(ID) AS ID FROM INPUT_OUTPUT_KA_PG;
SELECT ID FROM INPUT_OUTPUT WHERE NAME ='Resource calendars';
SELECT MAX(ORDERID) AS ORDERID FROM INPUT_OUTPUT_KA_PG;
INSERT INTO INPUT_OUTPUT_KA_PG VALUES(247,41,6,3,28,247,0);
SELECT MAX(ID) AS ID FROM TOOLTECHNIQUE_KA_PG;
SELECT ID FROM TOOLTECHNIQUE WHERE NAME ='Negotiation';
SELECT MAX(ID) AS ID FROM TOOLTECHNIQUE;
INSERT INTO TOOLTECHNIQUE VALUES(67,'Negotiation');
SELECT MAX(ORDERID) AS ORDERID FROM INPUT_OUTPUT_KA_PG;
INSERT INTO TOOLTECHNIQUE_KA_PG VALUES(120,67,6,3,28,248);
SELECT MAX(ID) AS ID FROM INPUT_OUTPUT_KA_PG;
SELECT ID FROM INPUT_OUTPUT WHERE NAME ='Organizational process assets';
SELECT MAX(ORDERID) AS ORDERID FROM INPUT_OUTPUT_KA_PG;
INSERT INTO INPUT_OUTPUT_KA_PG VALUES(248,6,6,3,28,248,1);
SELECT MAX(ID) AS ID FROM INPUT_OUTPUT_KA_PG;
SELECT ID FROM INPUT_OUTPUT WHERE NAME ='Project management plan updates';
SELECT MAX(ORDERID) AS ORDERID FROM INPUT_OUTPUT_KA_PG;
INSERT INTO INPUT_OUTPUT_KA_PG VALUES(249,13,6,3,28,249,0);
SELECT MAX(ID) AS ID FROM TOOLTECHNIQUE_KA_PG;
SELECT ID FROM TOOLTECHNIQUE WHERE NAME ='Acquisition';
SELECT MAX(ID) AS ID FROM TOOLTECHNIQUE;
INSERT INTO TOOLTECHNIQUE VALUES(68,'Acquisition');
SELECT MAX(ORDERID) AS ORDERID FROM INPUT_OUTPUT_KA_PG;
INSERT INTO TOOLTECHNIQUE_KA_PG VALUES(121,68,6,3,28,250);
SELECT MAX(ID) AS ID FROM TOOLTECHNIQUE_KA_PG;
SELECT ID FROM TOOLTECHNIQUE WHERE NAME ='Virtual teams';
SELECT MAX(ID) AS ID FROM TOOLTECHNIQUE;
INSERT INTO TOOLTECHNIQUE VALUES(69,'Virtual teams');
SELECT MAX(ORDERID) AS ORDERID FROM INPUT_OUTPUT_KA_PG;
INSERT INTO TOOLTECHNIQUE_KA_PG VALUES(122,69,6,3,28,250);
SELECT MAX(ID) AS ID FROM TOOLTECHNIQUE_KA_PG;
SELECT ID FROM TOOLTECHNIQUE WHERE NAME ='Multi criteria decision analysis';
SELECT MAX(ID) AS ID FROM TOOLTECHNIQUE;
INSERT INTO TOOLTECHNIQUE VALUES(70,'Multi criteria decision analysis');
SELECT MAX(ORDERID) AS ORDERID FROM INPUT_OUTPUT_KA_PG;
INSERT INTO TOOLTECHNIQUE_KA_PG VALUES(123,70,6,3,28,250);
SELECT MAX(ID) AS ID FROM INPUT_OUTPUT_KA_PG;
SELECT ID FROM INPUT_OUTPUT WHERE NAME ='Human resource management plan';
SELECT MAX(ORDERID) AS ORDERID FROM INPUT_OUTPUT_KA_PG;
INSERT INTO INPUT_OUTPUT_KA_PG VALUES(250,53,6,3,29,250,1);
SELECT MAX(ID) AS ID FROM INPUT_OUTPUT_KA_PG;
SELECT ID FROM INPUT_OUTPUT WHERE NAME ='Team performance assessments';
SELECT MAX(ID) AS ID FROM INPUT_OUTPUT;
INSERT INTO INPUT_OUTPUT VALUES(65,'Team performance assessments');
SELECT MAX(ORDERID) AS ORDERID FROM INPUT_OUTPUT_KA_PG;
INSERT INTO INPUT_OUTPUT_KA_PG VALUES(251,65,6,3,29,251,0);
SELECT MAX(ID) AS ID FROM TOOLTECHNIQUE_KA_PG;
SELECT ID FROM TOOLTECHNIQUE WHERE NAME ='Interpersonal skills';
SELECT MAX(ID) AS ID FROM TOOLTECHNIQUE;
INSERT INTO TOOLTECHNIQUE VALUES(71,'Interpersonal skills');
SELECT MAX(ORDERID) AS ORDERID FROM INPUT_OUTPUT_KA_PG;
INSERT INTO TOOLTECHNIQUE_KA_PG VALUES(124,71,6,3,29,252);
SELECT MAX(ID) AS ID FROM INPUT_OUTPUT_KA_PG;
SELECT ID FROM INPUT_OUTPUT WHERE NAME ='Project staff assignments';
SELECT MAX(ORDERID) AS ORDERID FROM INPUT_OUTPUT_KA_PG;
INSERT INTO INPUT_OUTPUT_KA_PG VALUES(252,51,6,3,29,252,1);
SELECT MAX(ID) AS ID FROM INPUT_OUTPUT_KA_PG;
SELECT ID FROM INPUT_OUTPUT WHERE NAME ='Enterprise environmental factors updates';
SELECT MAX(ID) AS ID FROM INPUT_OUTPUT;
INSERT INTO INPUT_OUTPUT VALUES(66,'Enterprise environmental factors updates');
SELECT MAX(ORDERID) AS ORDERID FROM INPUT_OUTPUT_KA_PG;
INSERT INTO INPUT_OUTPUT_KA_PG VALUES(253,66,6,3,29,253,0);
SELECT MAX(ID) AS ID FROM TOOLTECHNIQUE_KA_PG;
SELECT ID FROM TOOLTECHNIQUE WHERE NAME ='Training';
SELECT MAX(ID) AS ID FROM TOOLTECHNIQUE;
INSERT INTO TOOLTECHNIQUE VALUES(72,'Training');
SELECT MAX(ORDERID) AS ORDERID FROM INPUT_OUTPUT_KA_PG;
INSERT INTO TOOLTECHNIQUE_KA_PG VALUES(125,72,6,3,29,254);
SELECT MAX(ID) AS ID FROM INPUT_OUTPUT_KA_PG;
SELECT ID FROM INPUT_OUTPUT WHERE NAME ='Resource calendars';
SELECT MAX(ORDERID) AS ORDERID FROM INPUT_OUTPUT_KA_PG;
INSERT INTO INPUT_OUTPUT_KA_PG VALUES(254,41,6,3,29,254,1);
SELECT MAX(ID) AS ID FROM TOOLTECHNIQUE_KA_PG;
SELECT ID FROM TOOLTECHNIQUE WHERE NAME ='Team-Building Activities';
SELECT MAX(ID) AS ID FROM TOOLTECHNIQUE;
INSERT INTO TOOLTECHNIQUE VALUES(73,'Team-Building Activities');
SELECT MAX(ORDERID) AS ORDERID FROM INPUT_OUTPUT_KA_PG;
INSERT INTO TOOLTECHNIQUE_KA_PG VALUES(126,73,6,3,29,255);
SELECT MAX(ID) AS ID FROM TOOLTECHNIQUE_KA_PG;
SELECT ID FROM TOOLTECHNIQUE WHERE NAME ='Ground rules';
SELECT MAX(ID) AS ID FROM TOOLTECHNIQUE;
INSERT INTO TOOLTECHNIQUE VALUES(74,'Ground rules');
SELECT MAX(ORDERID) AS ORDERID FROM INPUT_OUTPUT_KA_PG;
INSERT INTO TOOLTECHNIQUE_KA_PG VALUES(127,74,6,3,29,255);
SELECT MAX(ID) AS ID FROM TOOLTECHNIQUE_KA_PG;
SELECT ID FROM TOOLTECHNIQUE WHERE NAME ='Co-Location';
SELECT MAX(ID) AS ID FROM TOOLTECHNIQUE;
INSERT INTO TOOLTECHNIQUE VALUES(75,'Co-Location');
SELECT MAX(ORDERID) AS ORDERID FROM INPUT_OUTPUT_KA_PG;
INSERT INTO TOOLTECHNIQUE_KA_PG VALUES(128,75,6,3,29,255);
SELECT MAX(ID) AS ID FROM TOOLTECHNIQUE_KA_PG;
SELECT ID FROM TOOLTECHNIQUE WHERE NAME ='Recognition and Rewards';
SELECT MAX(ID) AS ID FROM TOOLTECHNIQUE;
INSERT INTO TOOLTECHNIQUE VALUES(76,'Recognition and Rewards');
SELECT MAX(ORDERID) AS ORDERID FROM INPUT_OUTPUT_KA_PG;
INSERT INTO TOOLTECHNIQUE_KA_PG VALUES(129,76,6,3,29,255);
SELECT MAX(ID) AS ID FROM TOOLTECHNIQUE_KA_PG;
SELECT ID FROM TOOLTECHNIQUE WHERE NAME ='Personnel assesment tools';
SELECT MAX(ID) AS ID FROM TOOLTECHNIQUE;
INSERT INTO TOOLTECHNIQUE VALUES(77,'Personnel assesment tools');
SELECT MAX(ORDERID) AS ORDERID FROM INPUT_OUTPUT_KA_PG;
INSERT INTO TOOLTECHNIQUE_KA_PG VALUES(130,77,6,3,29,255);
SELECT MAX(ID) AS ID FROM INPUT_OUTPUT_KA_PG;
SELECT ID FROM INPUT_OUTPUT WHERE NAME ='Human resource management plan';
SELECT MAX(ORDERID) AS ORDERID FROM INPUT_OUTPUT_KA_PG;
INSERT INTO INPUT_OUTPUT_KA_PG VALUES(255,53,6,3,30,255,1);
SELECT MAX(ID) AS ID FROM INPUT_OUTPUT_KA_PG;
SELECT ID FROM INPUT_OUTPUT WHERE NAME ='Change requests';
SELECT MAX(ORDERID) AS ORDERID FROM INPUT_OUTPUT_KA_PG;
INSERT INTO INPUT_OUTPUT_KA_PG VALUES(256,12,6,3,30,256,0);
SELECT MAX(ID) AS ID FROM TOOLTECHNIQUE_KA_PG;
SELECT ID FROM TOOLTECHNIQUE WHERE NAME ='Observation and Conversation';
SELECT MAX(ID) AS ID FROM TOOLTECHNIQUE;
INSERT INTO TOOLTECHNIQUE VALUES(78,'Observation and Conversation');
SELECT MAX(ORDERID) AS ORDERID FROM INPUT_OUTPUT_KA_PG;
INSERT INTO TOOLTECHNIQUE_KA_PG VALUES(131,78,6,3,30,257);
SELECT MAX(ID) AS ID FROM INPUT_OUTPUT_KA_PG;
SELECT ID FROM INPUT_OUTPUT WHERE NAME ='Project Staff Assignments';
SELECT MAX(ID) AS ID FROM INPUT_OUTPUT;
INSERT INTO INPUT_OUTPUT VALUES(67,'Project Staff Assignments');
SELECT MAX(ORDERID) AS ORDERID FROM INPUT_OUTPUT_KA_PG;
INSERT INTO INPUT_OUTPUT_KA_PG VALUES(257,67,6,3,30,257,1);
SELECT MAX(ID) AS ID FROM INPUT_OUTPUT_KA_PG;
SELECT ID FROM INPUT_OUTPUT WHERE NAME ='Project management plan updates';
SELECT MAX(ORDERID) AS ORDERID FROM INPUT_OUTPUT_KA_PG;
INSERT INTO INPUT_OUTPUT_KA_PG VALUES(258,13,6,3,30,258,0);
SELECT MAX(ID) AS ID FROM TOOLTECHNIQUE_KA_PG;
SELECT ID FROM TOOLTECHNIQUE WHERE NAME ='Project Performance Appraisals';
SELECT MAX(ID) AS ID FROM TOOLTECHNIQUE;
INSERT INTO TOOLTECHNIQUE VALUES(79,'Project Performance Appraisals');
SELECT MAX(ORDERID) AS ORDERID FROM INPUT_OUTPUT_KA_PG;
INSERT INTO TOOLTECHNIQUE_KA_PG VALUES(132,79,6,3,30,259);
SELECT MAX(ID) AS ID FROM INPUT_OUTPUT_KA_PG;
SELECT ID FROM INPUT_OUTPUT WHERE NAME ='Team performance assessments';
SELECT MAX(ORDERID) AS ORDERID FROM INPUT_OUTPUT_KA_PG;
INSERT INTO INPUT_OUTPUT_KA_PG VALUES(259,65,6,3,30,259,1);
SELECT MAX(ID) AS ID FROM INPUT_OUTPUT_KA_PG;
SELECT ID FROM INPUT_OUTPUT WHERE NAME ='Project document updates';
SELECT MAX(ORDERID) AS ORDERID FROM INPUT_OUTPUT_KA_PG;
INSERT INTO INPUT_OUTPUT_KA_PG VALUES(260,14,6,3,30,260,0);
SELECT MAX(ID) AS ID FROM TOOLTECHNIQUE_KA_PG;
SELECT ID FROM TOOLTECHNIQUE WHERE NAME ='Conflict Management';
SELECT MAX(ID) AS ID FROM TOOLTECHNIQUE;
INSERT INTO TOOLTECHNIQUE VALUES(80,'Conflict Management');
SELECT MAX(ORDERID) AS ORDERID FROM INPUT_OUTPUT_KA_PG;
INSERT INTO TOOLTECHNIQUE_KA_PG VALUES(133,80,6,3,30,261);
SELECT MAX(ID) AS ID FROM INPUT_OUTPUT_KA_PG;
SELECT ID FROM INPUT_OUTPUT WHERE NAME ='Issue Log';
SELECT MAX(ID) AS ID FROM INPUT_OUTPUT;
INSERT INTO INPUT_OUTPUT VALUES(68,'Issue Log');
SELECT MAX(ORDERID) AS ORDERID FROM INPUT_OUTPUT_KA_PG;
INSERT INTO INPUT_OUTPUT_KA_PG VALUES(261,68,6,3,30,261,1);
SELECT MAX(ID) AS ID FROM INPUT_OUTPUT_KA_PG;
SELECT ID FROM INPUT_OUTPUT WHERE NAME ='Enterprise environmental factors updates';
SELECT MAX(ORDERID) AS ORDERID FROM INPUT_OUTPUT_KA_PG;
INSERT INTO INPUT_OUTPUT_KA_PG VALUES(262,66,6,3,30,262,0);
SELECT MAX(ID) AS ID FROM TOOLTECHNIQUE_KA_PG;
SELECT ID FROM TOOLTECHNIQUE WHERE NAME ='Interpersonal Skills';
SELECT MAX(ID) AS ID FROM TOOLTECHNIQUE;
INSERT INTO TOOLTECHNIQUE VALUES(81,'Interpersonal Skills');
SELECT MAX(ORDERID) AS ORDERID FROM INPUT_OUTPUT_KA_PG;
INSERT INTO TOOLTECHNIQUE_KA_PG VALUES(134,81,6,3,30,263);
SELECT MAX(ID) AS ID FROM INPUT_OUTPUT_KA_PG;
SELECT ID FROM INPUT_OUTPUT WHERE NAME ='Work performance reports';
SELECT MAX(ORDERID) AS ORDERID FROM INPUT_OUTPUT_KA_PG;
INSERT INTO INPUT_OUTPUT_KA_PG VALUES(263,16,6,3,30,263,1);
SELECT MAX(ID) AS ID FROM INPUT_OUTPUT_KA_PG;
SELECT ID FROM INPUT_OUTPUT WHERE NAME ='Organizational process assets updates';
SELECT MAX(ORDERID) AS ORDERID FROM INPUT_OUTPUT_KA_PG;
INSERT INTO INPUT_OUTPUT_KA_PG VALUES(264,23,6,3,30,264,0);
SELECT MAX(ID) AS ID FROM INPUT_OUTPUT_KA_PG;
SELECT ID FROM INPUT_OUTPUT WHERE NAME ='Organizational process assets';
SELECT MAX(ORDERID) AS ORDERID FROM INPUT_OUTPUT_KA_PG;
INSERT INTO INPUT_OUTPUT_KA_PG VALUES(265,6,6,3,30,265,1);
SELECT MAX(ID) AS ID FROM INPUT_OUTPUT_KA_PG;
SELECT ID FROM INPUT_OUTPUT WHERE NAME ='Project management plan';
SELECT MAX(ORDERID) AS ORDERID FROM INPUT_OUTPUT_KA_PG;
INSERT INTO INPUT_OUTPUT_KA_PG VALUES(266,7,7,2,31,266,1);
SELECT MAX(ID) AS ID FROM INPUT_OUTPUT_KA_PG;
SELECT ID FROM INPUT_OUTPUT WHERE NAME ='Communications management plan';
SELECT MAX(ID) AS ID FROM INPUT_OUTPUT;
INSERT INTO INPUT_OUTPUT VALUES(69,'Communications management plan');
SELECT MAX(ORDERID) AS ORDERID FROM INPUT_OUTPUT_KA_PG;
INSERT INTO INPUT_OUTPUT_KA_PG VALUES(267,69,7,2,31,267,0);
SELECT MAX(ID) AS ID FROM TOOLTECHNIQUE_KA_PG;
SELECT ID FROM TOOLTECHNIQUE WHERE NAME ='Communication requirement analysis';
SELECT MAX(ID) AS ID FROM TOOLTECHNIQUE;
INSERT INTO TOOLTECHNIQUE VALUES(82,'Communication requirement analysis');
SELECT MAX(ORDERID) AS ORDERID FROM INPUT_OUTPUT_KA_PG;
INSERT INTO TOOLTECHNIQUE_KA_PG VALUES(135,82,7,2,31,268);
SELECT MAX(ID) AS ID FROM INPUT_OUTPUT_KA_PG;
SELECT ID FROM INPUT_OUTPUT WHERE NAME ='Stakeholder register';
SELECT MAX(ORDERID) AS ORDERID FROM INPUT_OUTPUT_KA_PG;
INSERT INTO INPUT_OUTPUT_KA_PG VALUES(268,30,7,2,31,268,1);
SELECT MAX(ID) AS ID FROM INPUT_OUTPUT_KA_PG;
SELECT ID FROM INPUT_OUTPUT WHERE NAME ='Project document updates';
SELECT MAX(ORDERID) AS ORDERID FROM INPUT_OUTPUT_KA_PG;
INSERT INTO INPUT_OUTPUT_KA_PG VALUES(269,14,7,2,31,269,0);
SELECT MAX(ID) AS ID FROM TOOLTECHNIQUE_KA_PG;
SELECT ID FROM TOOLTECHNIQUE WHERE NAME ='Communication technology';
SELECT MAX(ID) AS ID FROM TOOLTECHNIQUE;
INSERT INTO TOOLTECHNIQUE VALUES(83,'Communication technology');
SELECT MAX(ORDERID) AS ORDERID FROM INPUT_OUTPUT_KA_PG;
INSERT INTO TOOLTECHNIQUE_KA_PG VALUES(136,83,7,2,31,270);
SELECT MAX(ID) AS ID FROM INPUT_OUTPUT_KA_PG;
SELECT ID FROM INPUT_OUTPUT WHERE NAME ='Enterprise environmental factors';
SELECT MAX(ORDERID) AS ORDERID FROM INPUT_OUTPUT_KA_PG;
INSERT INTO INPUT_OUTPUT_KA_PG VALUES(270,5,7,2,31,270,1);
SELECT MAX(ID) AS ID FROM TOOLTECHNIQUE_KA_PG;
SELECT ID FROM TOOLTECHNIQUE WHERE NAME ='Communication models';
SELECT MAX(ID) AS ID FROM TOOLTECHNIQUE;
INSERT INTO TOOLTECHNIQUE VALUES(84,'Communication models');
SELECT MAX(ORDERID) AS ORDERID FROM INPUT_OUTPUT_KA_PG;
INSERT INTO TOOLTECHNIQUE_KA_PG VALUES(137,84,7,2,31,271);
SELECT MAX(ID) AS ID FROM INPUT_OUTPUT_KA_PG;
SELECT ID FROM INPUT_OUTPUT WHERE NAME ='Organizational process assets';
SELECT MAX(ORDERID) AS ORDERID FROM INPUT_OUTPUT_KA_PG;
INSERT INTO INPUT_OUTPUT_KA_PG VALUES(271,6,7,2,31,271,1);
SELECT MAX(ID) AS ID FROM TOOLTECHNIQUE_KA_PG;
SELECT ID FROM TOOLTECHNIQUE WHERE NAME ='Communication methods';
SELECT MAX(ID) AS ID FROM TOOLTECHNIQUE;
INSERT INTO TOOLTECHNIQUE VALUES(85,'Communication methods');
SELECT MAX(ORDERID) AS ORDERID FROM INPUT_OUTPUT_KA_PG;
INSERT INTO TOOLTECHNIQUE_KA_PG VALUES(138,85,7,2,31,272);
SELECT MAX(ID) AS ID FROM TOOLTECHNIQUE_KA_PG;
SELECT ID FROM TOOLTECHNIQUE WHERE NAME ='Meetings';
SELECT MAX(ORDERID) AS ORDERID FROM INPUT_OUTPUT_KA_PG;
INSERT INTO TOOLTECHNIQUE_KA_PG VALUES(139,4,7,2,31,272);
SELECT MAX(ID) AS ID FROM INPUT_OUTPUT_KA_PG;
SELECT ID FROM INPUT_OUTPUT WHERE NAME ='Communications management plan';
SELECT MAX(ORDERID) AS ORDERID FROM INPUT_OUTPUT_KA_PG;
INSERT INTO INPUT_OUTPUT_KA_PG VALUES(272,69,7,3,32,272,1);
SELECT MAX(ID) AS ID FROM INPUT_OUTPUT_KA_PG;
SELECT ID FROM INPUT_OUTPUT WHERE NAME ='Project communications';
SELECT MAX(ID) AS ID FROM INPUT_OUTPUT;
INSERT INTO INPUT_OUTPUT VALUES(70,'Project communications');
SELECT MAX(ORDERID) AS ORDERID FROM INPUT_OUTPUT_KA_PG;
INSERT INTO INPUT_OUTPUT_KA_PG VALUES(273,70,7,3,32,273,0);
SELECT MAX(ID) AS ID FROM TOOLTECHNIQUE_KA_PG;
SELECT ID FROM TOOLTECHNIQUE WHERE NAME ='Communication technology';
SELECT MAX(ORDERID) AS ORDERID FROM INPUT_OUTPUT_KA_PG;
INSERT INTO TOOLTECHNIQUE_KA_PG VALUES(140,83,7,3,32,274);
SELECT MAX(ID) AS ID FROM INPUT_OUTPUT_KA_PG;
SELECT ID FROM INPUT_OUTPUT WHERE NAME ='Work performance reports';
SELECT MAX(ORDERID) AS ORDERID FROM INPUT_OUTPUT_KA_PG;
INSERT INTO INPUT_OUTPUT_KA_PG VALUES(274,16,7,3,32,274,1);
SELECT MAX(ID) AS ID FROM INPUT_OUTPUT_KA_PG;
SELECT ID FROM INPUT_OUTPUT WHERE NAME ='Project management plan updates';
SELECT MAX(ORDERID) AS ORDERID FROM INPUT_OUTPUT_KA_PG;
INSERT INTO INPUT_OUTPUT_KA_PG VALUES(275,13,7,3,32,275,0);
SELECT MAX(ID) AS ID FROM TOOLTECHNIQUE_KA_PG;
SELECT ID FROM TOOLTECHNIQUE WHERE NAME ='Communication models';
SELECT MAX(ORDERID) AS ORDERID FROM INPUT_OUTPUT_KA_PG;
INSERT INTO TOOLTECHNIQUE_KA_PG VALUES(141,84,7,3,32,276);
SELECT MAX(ID) AS ID FROM INPUT_OUTPUT_KA_PG;
SELECT ID FROM INPUT_OUTPUT WHERE NAME ='Enterprise environmental factors';
SELECT MAX(ORDERID) AS ORDERID FROM INPUT_OUTPUT_KA_PG;
INSERT INTO INPUT_OUTPUT_KA_PG VALUES(276,5,7,3,32,276,1);
SELECT MAX(ID) AS ID FROM INPUT_OUTPUT_KA_PG;
SELECT ID FROM INPUT_OUTPUT WHERE NAME ='Project document updates';
SELECT MAX(ORDERID) AS ORDERID FROM INPUT_OUTPUT_KA_PG;
INSERT INTO INPUT_OUTPUT_KA_PG VALUES(277,14,7,3,32,277,0);
SELECT MAX(ID) AS ID FROM TOOLTECHNIQUE_KA_PG;
SELECT ID FROM TOOLTECHNIQUE WHERE NAME ='Communication methods';
SELECT MAX(ORDERID) AS ORDERID FROM INPUT_OUTPUT_KA_PG;
INSERT INTO TOOLTECHNIQUE_KA_PG VALUES(142,85,7,3,32,278);
SELECT MAX(ID) AS ID FROM INPUT_OUTPUT_KA_PG;
SELECT ID FROM INPUT_OUTPUT WHERE NAME ='Organizational process assets';
SELECT MAX(ORDERID) AS ORDERID FROM INPUT_OUTPUT_KA_PG;
INSERT INTO INPUT_OUTPUT_KA_PG VALUES(278,6,7,3,32,278,1);
SELECT MAX(ID) AS ID FROM INPUT_OUTPUT_KA_PG;
SELECT ID FROM INPUT_OUTPUT WHERE NAME ='Organizational process assets updates';
SELECT MAX(ORDERID) AS ORDERID FROM INPUT_OUTPUT_KA_PG;
INSERT INTO INPUT_OUTPUT_KA_PG VALUES(279,23,7,3,32,279,0);
SELECT MAX(ID) AS ID FROM TOOLTECHNIQUE_KA_PG;
SELECT ID FROM TOOLTECHNIQUE WHERE NAME ='Information management systems';
SELECT MAX(ID) AS ID FROM TOOLTECHNIQUE;
INSERT INTO TOOLTECHNIQUE VALUES(86,'Information management systems');
SELECT MAX(ORDERID) AS ORDERID FROM INPUT_OUTPUT_KA_PG;
INSERT INTO TOOLTECHNIQUE_KA_PG VALUES(143,86,7,3,32,280);
SELECT MAX(ID) AS ID FROM TOOLTECHNIQUE_KA_PG;
SELECT ID FROM TOOLTECHNIQUE WHERE NAME ='Performance reporting';
SELECT MAX(ID) AS ID FROM TOOLTECHNIQUE;
INSERT INTO TOOLTECHNIQUE VALUES(87,'Performance reporting');
SELECT MAX(ORDERID) AS ORDERID FROM INPUT_OUTPUT_KA_PG;
INSERT INTO TOOLTECHNIQUE_KA_PG VALUES(144,87,7,3,32,280);
SELECT MAX(ID) AS ID FROM INPUT_OUTPUT_KA_PG;
SELECT ID FROM INPUT_OUTPUT WHERE NAME ='Project management plan';
SELECT MAX(ORDERID) AS ORDERID FROM INPUT_OUTPUT_KA_PG;
INSERT INTO INPUT_OUTPUT_KA_PG VALUES(280,7,7,4,33,280,1);
SELECT MAX(ID) AS ID FROM INPUT_OUTPUT_KA_PG;
SELECT ID FROM INPUT_OUTPUT WHERE NAME ='Work performance information';
SELECT MAX(ORDERID) AS ORDERID FROM INPUT_OUTPUT_KA_PG;
INSERT INTO INPUT_OUTPUT_KA_PG VALUES(281,19,7,4,33,281,0);
SELECT MAX(ID) AS ID FROM TOOLTECHNIQUE_KA_PG;
SELECT ID FROM TOOLTECHNIQUE WHERE NAME ='Information management systems';
SELECT MAX(ORDERID) AS ORDERID FROM INPUT_OUTPUT_KA_PG;
INSERT INTO TOOLTECHNIQUE_KA_PG VALUES(145,86,7,4,33,282);
SELECT MAX(ID) AS ID FROM INPUT_OUTPUT_KA_PG;
SELECT ID FROM INPUT_OUTPUT WHERE NAME ='Project communications';
SELECT MAX(ORDERID) AS ORDERID FROM INPUT_OUTPUT_KA_PG;
INSERT INTO INPUT_OUTPUT_KA_PG VALUES(282,70,7,4,33,282,1);
SELECT MAX(ID) AS ID FROM INPUT_OUTPUT_KA_PG;
SELECT ID FROM INPUT_OUTPUT WHERE NAME ='Change requests';
SELECT MAX(ORDERID) AS ORDERID FROM INPUT_OUTPUT_KA_PG;
INSERT INTO INPUT_OUTPUT_KA_PG VALUES(283,12,7,4,33,283,0);
SELECT MAX(ID) AS ID FROM TOOLTECHNIQUE_KA_PG;
SELECT ID FROM TOOLTECHNIQUE WHERE NAME ='Expert judgement';
SELECT MAX(ORDERID) AS ORDERID FROM INPUT_OUTPUT_KA_PG;
INSERT INTO TOOLTECHNIQUE_KA_PG VALUES(146,7,7,4,33,284);
SELECT MAX(ID) AS ID FROM INPUT_OUTPUT_KA_PG;
SELECT ID FROM INPUT_OUTPUT WHERE NAME ='Issue Log';
SELECT MAX(ORDERID) AS ORDERID FROM INPUT_OUTPUT_KA_PG;
INSERT INTO INPUT_OUTPUT_KA_PG VALUES(284,68,7,4,33,284,1);
SELECT MAX(ID) AS ID FROM INPUT_OUTPUT_KA_PG;
SELECT ID FROM INPUT_OUTPUT WHERE NAME ='Project management plan updates';
SELECT MAX(ORDERID) AS ORDERID FROM INPUT_OUTPUT_KA_PG;
INSERT INTO INPUT_OUTPUT_KA_PG VALUES(285,13,7,4,33,285,0);
SELECT MAX(ID) AS ID FROM TOOLTECHNIQUE_KA_PG;
SELECT ID FROM TOOLTECHNIQUE WHERE NAME ='Meetings';
SELECT MAX(ORDERID) AS ORDERID FROM INPUT_OUTPUT_KA_PG;
INSERT INTO TOOLTECHNIQUE_KA_PG VALUES(147,4,7,4,33,286);
SELECT MAX(ID) AS ID FROM INPUT_OUTPUT_KA_PG;
SELECT ID FROM INPUT_OUTPUT WHERE NAME ='Work perfromance data';
SELECT MAX(ID) AS ID FROM INPUT_OUTPUT;
INSERT INTO INPUT_OUTPUT VALUES(71,'Work perfromance data');
SELECT MAX(ORDERID) AS ORDERID FROM INPUT_OUTPUT_KA_PG;
INSERT INTO INPUT_OUTPUT_KA_PG VALUES(286,71,7,4,33,286,1);
SELECT MAX(ID) AS ID FROM INPUT_OUTPUT_KA_PG;
SELECT ID FROM INPUT_OUTPUT WHERE NAME ='Project document updates';
SELECT MAX(ORDERID) AS ORDERID FROM INPUT_OUTPUT_KA_PG;
INSERT INTO INPUT_OUTPUT_KA_PG VALUES(287,14,7,4,33,287,0);
SELECT MAX(ID) AS ID FROM INPUT_OUTPUT_KA_PG;
SELECT ID FROM INPUT_OUTPUT WHERE NAME ='Organizational process assets';
SELECT MAX(ORDERID) AS ORDERID FROM INPUT_OUTPUT_KA_PG;
INSERT INTO INPUT_OUTPUT_KA_PG VALUES(288,6,7,4,33,288,1);
SELECT MAX(ID) AS ID FROM INPUT_OUTPUT_KA_PG;
SELECT ID FROM INPUT_OUTPUT WHERE NAME ='Organizational process assets updates';
SELECT MAX(ORDERID) AS ORDERID FROM INPUT_OUTPUT_KA_PG;
INSERT INTO INPUT_OUTPUT_KA_PG VALUES(289,23,7,4,33,289,0);
SELECT MAX(ID) AS ID FROM INPUT_OUTPUT_KA_PG;
SELECT ID FROM INPUT_OUTPUT WHERE NAME ='Project management plan';
SELECT MAX(ORDERID) AS ORDERID FROM INPUT_OUTPUT_KA_PG;
INSERT INTO INPUT_OUTPUT_KA_PG VALUES(290,7,8,2,34,290,1);
SELECT MAX(ID) AS ID FROM INPUT_OUTPUT_KA_PG;
SELECT ID FROM INPUT_OUTPUT WHERE NAME ='Risk management plan';
SELECT MAX(ID) AS ID FROM INPUT_OUTPUT;
INSERT INTO INPUT_OUTPUT VALUES(72,'Risk management plan');
SELECT MAX(ORDERID) AS ORDERID FROM INPUT_OUTPUT_KA_PG;
INSERT INTO INPUT_OUTPUT_KA_PG VALUES(291,72,8,2,34,291,0);
SELECT MAX(ID) AS ID FROM TOOLTECHNIQUE_KA_PG;
SELECT ID FROM TOOLTECHNIQUE WHERE NAME ='Analytical techniques';
SELECT MAX(ORDERID) AS ORDERID FROM INPUT_OUTPUT_KA_PG;
INSERT INTO TOOLTECHNIQUE_KA_PG VALUES(148,5,8,2,34,292);
SELECT MAX(ID) AS ID FROM INPUT_OUTPUT_KA_PG;
SELECT ID FROM INPUT_OUTPUT WHERE NAME ='Project charter';
SELECT MAX(ORDERID) AS ORDERID FROM INPUT_OUTPUT_KA_PG;
INSERT INTO INPUT_OUTPUT_KA_PG VALUES(292,2,8,2,34,292,1);
SELECT MAX(ID) AS ID FROM TOOLTECHNIQUE_KA_PG;
SELECT ID FROM TOOLTECHNIQUE WHERE NAME ='Expert judgement';
SELECT MAX(ORDERID) AS ORDERID FROM INPUT_OUTPUT_KA_PG;
INSERT INTO TOOLTECHNIQUE_KA_PG VALUES(149,7,8,2,34,293);
SELECT MAX(ID) AS ID FROM INPUT_OUTPUT_KA_PG;
SELECT ID FROM INPUT_OUTPUT WHERE NAME ='Stakeholder register';
SELECT MAX(ORDERID) AS ORDERID FROM INPUT_OUTPUT_KA_PG;
INSERT INTO INPUT_OUTPUT_KA_PG VALUES(293,30,8,2,34,293,1);
SELECT MAX(ID) AS ID FROM TOOLTECHNIQUE_KA_PG;
SELECT ID FROM TOOLTECHNIQUE WHERE NAME ='Meetings';
SELECT MAX(ORDERID) AS ORDERID FROM INPUT_OUTPUT_KA_PG;
INSERT INTO TOOLTECHNIQUE_KA_PG VALUES(150,4,8,2,34,294);
SELECT MAX(ID) AS ID FROM INPUT_OUTPUT_KA_PG;
SELECT ID FROM INPUT_OUTPUT WHERE NAME ='Enterprise environmental factors';
SELECT MAX(ORDERID) AS ORDERID FROM INPUT_OUTPUT_KA_PG;
INSERT INTO INPUT_OUTPUT_KA_PG VALUES(294,5,8,2,34,294,1);
SELECT MAX(ID) AS ID FROM INPUT_OUTPUT_KA_PG;
SELECT ID FROM INPUT_OUTPUT WHERE NAME ='Organizational process assets';
SELECT MAX(ORDERID) AS ORDERID FROM INPUT_OUTPUT_KA_PG;
INSERT INTO INPUT_OUTPUT_KA_PG VALUES(295,6,8,2,34,295,1);
SELECT MAX(ID) AS ID FROM INPUT_OUTPUT_KA_PG;
SELECT ID FROM INPUT_OUTPUT WHERE NAME ='Risk management plan';
SELECT MAX(ORDERID) AS ORDERID FROM INPUT_OUTPUT_KA_PG;
INSERT INTO INPUT_OUTPUT_KA_PG VALUES(296,72,8,2,35,296,1);
SELECT MAX(ID) AS ID FROM INPUT_OUTPUT_KA_PG;
SELECT ID FROM INPUT_OUTPUT WHERE NAME ='Risk register';
SELECT MAX(ORDERID) AS ORDERID FROM INPUT_OUTPUT_KA_PG;
INSERT INTO INPUT_OUTPUT_KA_PG VALUES(297,42,8,2,35,297,0);
SELECT MAX(ID) AS ID FROM TOOLTECHNIQUE_KA_PG;
SELECT ID FROM TOOLTECHNIQUE WHERE NAME ='Documentation reviews';
SELECT MAX(ID) AS ID FROM TOOLTECHNIQUE;
INSERT INTO TOOLTECHNIQUE VALUES(88,'Documentation reviews');
SELECT MAX(ORDERID) AS ORDERID FROM INPUT_OUTPUT_KA_PG;
INSERT INTO TOOLTECHNIQUE_KA_PG VALUES(151,88,8,2,35,298);
SELECT MAX(ID) AS ID FROM INPUT_OUTPUT_KA_PG;
SELECT ID FROM INPUT_OUTPUT WHERE NAME ='Cost management plan';
SELECT MAX(ORDERID) AS ORDERID FROM INPUT_OUTPUT_KA_PG;
INSERT INTO INPUT_OUTPUT_KA_PG VALUES(298,52,8,2,35,298,1);
SELECT MAX(ID) AS ID FROM TOOLTECHNIQUE_KA_PG;
SELECT ID FROM TOOLTECHNIQUE WHERE NAME ='Information gathering techniques';
SELECT MAX(ID) AS ID FROM TOOLTECHNIQUE;
INSERT INTO TOOLTECHNIQUE VALUES(89,'Information gathering techniques');
SELECT MAX(ORDERID) AS ORDERID FROM INPUT_OUTPUT_KA_PG;
INSERT INTO TOOLTECHNIQUE_KA_PG VALUES(152,89,8,2,35,299);
SELECT MAX(ID) AS ID FROM INPUT_OUTPUT_KA_PG;
SELECT ID FROM INPUT_OUTPUT WHERE NAME ='Schedule management plan';
SELECT MAX(ORDERID) AS ORDERID FROM INPUT_OUTPUT_KA_PG;
INSERT INTO INPUT_OUTPUT_KA_PG VALUES(299,34,8,2,35,299,1);
SELECT MAX(ID) AS ID FROM TOOLTECHNIQUE_KA_PG;
SELECT ID FROM TOOLTECHNIQUE WHERE NAME ='Checklist analysis';
SELECT MAX(ID) AS ID FROM TOOLTECHNIQUE;
INSERT INTO TOOLTECHNIQUE VALUES(90,'Checklist analysis');
SELECT MAX(ORDERID) AS ORDERID FROM INPUT_OUTPUT_KA_PG;
INSERT INTO TOOLTECHNIQUE_KA_PG VALUES(153,90,8,2,35,300);
SELECT MAX(ID) AS ID FROM INPUT_OUTPUT_KA_PG;
SELECT ID FROM INPUT_OUTPUT WHERE NAME ='Quality management plan';
SELECT MAX(ORDERID) AS ORDERID FROM INPUT_OUTPUT_KA_PG;
INSERT INTO INPUT_OUTPUT_KA_PG VALUES(300,57,8,2,35,300,1);
SELECT MAX(ID) AS ID FROM TOOLTECHNIQUE_KA_PG;
SELECT ID FROM TOOLTECHNIQUE WHERE NAME ='Assumptions analysis';
SELECT MAX(ID) AS ID FROM TOOLTECHNIQUE;
INSERT INTO TOOLTECHNIQUE VALUES(91,'Assumptions analysis');
SELECT MAX(ORDERID) AS ORDERID FROM INPUT_OUTPUT_KA_PG;
INSERT INTO TOOLTECHNIQUE_KA_PG VALUES(154,91,8,2,35,301);
SELECT MAX(ID) AS ID FROM INPUT_OUTPUT_KA_PG;
SELECT ID FROM INPUT_OUTPUT WHERE NAME ='Human resource management plan';
SELECT MAX(ORDERID) AS ORDERID FROM INPUT_OUTPUT_KA_PG;
INSERT INTO INPUT_OUTPUT_KA_PG VALUES(301,53,8,2,35,301,1);
SELECT MAX(ID) AS ID FROM TOOLTECHNIQUE_KA_PG;
SELECT ID FROM TOOLTECHNIQUE WHERE NAME ='Diagramming techniques';
SELECT MAX(ID) AS ID FROM TOOLTECHNIQUE;
INSERT INTO TOOLTECHNIQUE VALUES(92,'Diagramming techniques');
SELECT MAX(ORDERID) AS ORDERID FROM INPUT_OUTPUT_KA_PG;
INSERT INTO TOOLTECHNIQUE_KA_PG VALUES(155,92,8,2,35,302);
SELECT MAX(ID) AS ID FROM INPUT_OUTPUT_KA_PG;
SELECT ID FROM INPUT_OUTPUT WHERE NAME ='Scope baseline';
SELECT MAX(ORDERID) AS ORDERID FROM INPUT_OUTPUT_KA_PG;
INSERT INTO INPUT_OUTPUT_KA_PG VALUES(302,32,8,2,35,302,1);
SELECT MAX(ID) AS ID FROM TOOLTECHNIQUE_KA_PG;
SELECT ID FROM TOOLTECHNIQUE WHERE NAME ='SWOT analysis';
SELECT MAX(ID) AS ID FROM TOOLTECHNIQUE;
INSERT INTO TOOLTECHNIQUE VALUES(93,'SWOT analysis');
SELECT MAX(ORDERID) AS ORDERID FROM INPUT_OUTPUT_KA_PG;
INSERT INTO TOOLTECHNIQUE_KA_PG VALUES(156,93,8,2,35,303);
SELECT MAX(ID) AS ID FROM INPUT_OUTPUT_KA_PG;
SELECT ID FROM INPUT_OUTPUT WHERE NAME ='Activity cost estimates';
SELECT MAX(ORDERID) AS ORDERID FROM INPUT_OUTPUT_KA_PG;
INSERT INTO INPUT_OUTPUT_KA_PG VALUES(303,43,8,2,35,303,1);
SELECT MAX(ID) AS ID FROM TOOLTECHNIQUE_KA_PG;
SELECT ID FROM TOOLTECHNIQUE WHERE NAME ='Expert judgement';
SELECT MAX(ORDERID) AS ORDERID FROM INPUT_OUTPUT_KA_PG;
INSERT INTO TOOLTECHNIQUE_KA_PG VALUES(157,7,8,2,35,304);
SELECT MAX(ID) AS ID FROM INPUT_OUTPUT_KA_PG;
SELECT ID FROM INPUT_OUTPUT WHERE NAME ='Activity duration estimates';
SELECT MAX(ORDERID) AS ORDERID FROM INPUT_OUTPUT_KA_PG;
INSERT INTO INPUT_OUTPUT_KA_PG VALUES(304,50,8,2,35,304,1);
SELECT MAX(ID) AS ID FROM INPUT_OUTPUT_KA_PG;
SELECT ID FROM INPUT_OUTPUT WHERE NAME ='Stakeholder register';
SELECT MAX(ORDERID) AS ORDERID FROM INPUT_OUTPUT_KA_PG;
INSERT INTO INPUT_OUTPUT_KA_PG VALUES(305,30,8,2,35,305,1);
SELECT MAX(ID) AS ID FROM INPUT_OUTPUT_KA_PG;
SELECT ID FROM INPUT_OUTPUT WHERE NAME ='Project documents';
SELECT MAX(ORDERID) AS ORDERID FROM INPUT_OUTPUT_KA_PG;
INSERT INTO INPUT_OUTPUT_KA_PG VALUES(306,62,8,2,35,306,1);
SELECT MAX(ID) AS ID FROM INPUT_OUTPUT_KA_PG;
SELECT ID FROM INPUT_OUTPUT WHERE NAME ='Procurement documents';
SELECT MAX(ID) AS ID FROM INPUT_OUTPUT;
INSERT INTO INPUT_OUTPUT VALUES(73,'Procurement documents');
SELECT MAX(ORDERID) AS ORDERID FROM INPUT_OUTPUT_KA_PG;
INSERT INTO INPUT_OUTPUT_KA_PG VALUES(307,73,8,2,35,307,1);
SELECT MAX(ID) AS ID FROM INPUT_OUTPUT_KA_PG;
SELECT ID FROM INPUT_OUTPUT WHERE NAME ='Enterprise environmental factors';
SELECT MAX(ORDERID) AS ORDERID FROM INPUT_OUTPUT_KA_PG;
INSERT INTO INPUT_OUTPUT_KA_PG VALUES(308,5,8,2,35,308,1);
SELECT MAX(ID) AS ID FROM INPUT_OUTPUT_KA_PG;
SELECT ID FROM INPUT_OUTPUT WHERE NAME ='Organizational process assets';
SELECT MAX(ORDERID) AS ORDERID FROM INPUT_OUTPUT_KA_PG;
INSERT INTO INPUT_OUTPUT_KA_PG VALUES(309,6,8,2,35,309,1);
SELECT MAX(ID) AS ID FROM INPUT_OUTPUT_KA_PG;
SELECT ID FROM INPUT_OUTPUT WHERE NAME ='Risk management plan';
SELECT MAX(ORDERID) AS ORDERID FROM INPUT_OUTPUT_KA_PG;
INSERT INTO INPUT_OUTPUT_KA_PG VALUES(310,72,8,2,36,310,1);
SELECT MAX(ID) AS ID FROM INPUT_OUTPUT_KA_PG;
SELECT ID FROM INPUT_OUTPUT WHERE NAME ='Project document updates';
SELECT MAX(ORDERID) AS ORDERID FROM INPUT_OUTPUT_KA_PG;
INSERT INTO INPUT_OUTPUT_KA_PG VALUES(311,14,8,2,36,311,0);
SELECT MAX(ID) AS ID FROM TOOLTECHNIQUE_KA_PG;
SELECT ID FROM TOOLTECHNIQUE WHERE NAME ='Risk probability and impact assessment';
SELECT MAX(ID) AS ID FROM TOOLTECHNIQUE;
INSERT INTO TOOLTECHNIQUE VALUES(94,'Risk probability and impact assessment');
SELECT MAX(ORDERID) AS ORDERID FROM INPUT_OUTPUT_KA_PG;
INSERT INTO TOOLTECHNIQUE_KA_PG VALUES(158,94,8,2,36,312);
SELECT MAX(ID) AS ID FROM INPUT_OUTPUT_KA_PG;
SELECT ID FROM INPUT_OUTPUT WHERE NAME ='Scope baseline';
SELECT MAX(ORDERID) AS ORDERID FROM INPUT_OUTPUT_KA_PG;
INSERT INTO INPUT_OUTPUT_KA_PG VALUES(312,32,8,2,36,312,1);
SELECT MAX(ID) AS ID FROM TOOLTECHNIQUE_KA_PG;
SELECT ID FROM TOOLTECHNIQUE WHERE NAME ='Probability and impact matrix';
SELECT MAX(ID) AS ID FROM TOOLTECHNIQUE;
INSERT INTO TOOLTECHNIQUE VALUES(95,'Probability and impact matrix');
SELECT MAX(ORDERID) AS ORDERID FROM INPUT_OUTPUT_KA_PG;
INSERT INTO TOOLTECHNIQUE_KA_PG VALUES(159,95,8,2,36,313);
SELECT MAX(ID) AS ID FROM INPUT_OUTPUT_KA_PG;
SELECT ID FROM INPUT_OUTPUT WHERE NAME ='Risk register';
SELECT MAX(ORDERID) AS ORDERID FROM INPUT_OUTPUT_KA_PG;
INSERT INTO INPUT_OUTPUT_KA_PG VALUES(313,42,8,2,36,313,1);
SELECT MAX(ID) AS ID FROM TOOLTECHNIQUE_KA_PG;
SELECT ID FROM TOOLTECHNIQUE WHERE NAME ='Risk data quality assessment';
SELECT MAX(ID) AS ID FROM TOOLTECHNIQUE;
INSERT INTO TOOLTECHNIQUE VALUES(96,'Risk data quality assessment');
SELECT MAX(ORDERID) AS ORDERID FROM INPUT_OUTPUT_KA_PG;
INSERT INTO TOOLTECHNIQUE_KA_PG VALUES(160,96,8,2,36,314);
SELECT MAX(ID) AS ID FROM INPUT_OUTPUT_KA_PG;
SELECT ID FROM INPUT_OUTPUT WHERE NAME ='Enterprise environmental factors';
SELECT MAX(ORDERID) AS ORDERID FROM INPUT_OUTPUT_KA_PG;
INSERT INTO INPUT_OUTPUT_KA_PG VALUES(314,5,8,2,36,314,1);
SELECT MAX(ID) AS ID FROM TOOLTECHNIQUE_KA_PG;
SELECT ID FROM TOOLTECHNIQUE WHERE NAME ='Risk categorization';
SELECT MAX(ID) AS ID FROM TOOLTECHNIQUE;
INSERT INTO TOOLTECHNIQUE VALUES(97,'Risk categorization');
SELECT MAX(ORDERID) AS ORDERID FROM INPUT_OUTPUT_KA_PG;
INSERT INTO TOOLTECHNIQUE_KA_PG VALUES(161,97,8,2,36,315);
SELECT MAX(ID) AS ID FROM INPUT_OUTPUT_KA_PG;
SELECT ID FROM INPUT_OUTPUT WHERE NAME ='Organizational process assets';
SELECT MAX(ORDERID) AS ORDERID FROM INPUT_OUTPUT_KA_PG;
INSERT INTO INPUT_OUTPUT_KA_PG VALUES(315,6,8,2,36,315,1);
SELECT MAX(ID) AS ID FROM TOOLTECHNIQUE_KA_PG;
SELECT ID FROM TOOLTECHNIQUE WHERE NAME ='Risk urgency assessment';
SELECT MAX(ID) AS ID FROM TOOLTECHNIQUE;
INSERT INTO TOOLTECHNIQUE VALUES(98,'Risk urgency assessment');
SELECT MAX(ORDERID) AS ORDERID FROM INPUT_OUTPUT_KA_PG;
INSERT INTO TOOLTECHNIQUE_KA_PG VALUES(162,98,8,2,36,316);
SELECT MAX(ID) AS ID FROM TOOLTECHNIQUE_KA_PG;
SELECT ID FROM TOOLTECHNIQUE WHERE NAME ='Expert judgement';
SELECT MAX(ORDERID) AS ORDERID FROM INPUT_OUTPUT_KA_PG;
INSERT INTO TOOLTECHNIQUE_KA_PG VALUES(163,7,8,2,36,316);
SELECT MAX(ID) AS ID FROM INPUT_OUTPUT_KA_PG;
SELECT ID FROM INPUT_OUTPUT WHERE NAME ='Risk management plan';
SELECT MAX(ORDERID) AS ORDERID FROM INPUT_OUTPUT_KA_PG;
INSERT INTO INPUT_OUTPUT_KA_PG VALUES(316,72,8,2,37,316,1);
SELECT MAX(ID) AS ID FROM INPUT_OUTPUT_KA_PG;
SELECT ID FROM INPUT_OUTPUT WHERE NAME ='Project document updates';
SELECT MAX(ORDERID) AS ORDERID FROM INPUT_OUTPUT_KA_PG;
INSERT INTO INPUT_OUTPUT_KA_PG VALUES(317,14,8,2,37,317,0);
SELECT MAX(ID) AS ID FROM TOOLTECHNIQUE_KA_PG;
SELECT ID FROM TOOLTECHNIQUE WHERE NAME ='Data gathering and representation techniques';
SELECT MAX(ID) AS ID FROM TOOLTECHNIQUE;
INSERT INTO TOOLTECHNIQUE VALUES(99,'Data gathering and representation techniques');
SELECT MAX(ORDERID) AS ORDERID FROM INPUT_OUTPUT_KA_PG;
INSERT INTO TOOLTECHNIQUE_KA_PG VALUES(164,99,8,2,37,318);
SELECT MAX(ID) AS ID FROM INPUT_OUTPUT_KA_PG;
SELECT ID FROM INPUT_OUTPUT WHERE NAME ='Cost management plan';
SELECT MAX(ORDERID) AS ORDERID FROM INPUT_OUTPUT_KA_PG;
INSERT INTO INPUT_OUTPUT_KA_PG VALUES(318,52,8,2,37,318,1);
SELECT MAX(ID) AS ID FROM TOOLTECHNIQUE_KA_PG;
SELECT ID FROM TOOLTECHNIQUE WHERE NAME ='Quantitative risk analysis and modeling techniques';
SELECT MAX(ID) AS ID FROM TOOLTECHNIQUE;
INSERT INTO TOOLTECHNIQUE VALUES(100,'Quantitative risk analysis and modeling techniques');
SELECT MAX(ORDERID) AS ORDERID FROM INPUT_OUTPUT_KA_PG;
INSERT INTO TOOLTECHNIQUE_KA_PG VALUES(165,100,8,2,37,319);
SELECT MAX(ID) AS ID FROM INPUT_OUTPUT_KA_PG;
SELECT ID FROM INPUT_OUTPUT WHERE NAME ='Schedule management plan';
SELECT MAX(ORDERID) AS ORDERID FROM INPUT_OUTPUT_KA_PG;
INSERT INTO INPUT_OUTPUT_KA_PG VALUES(319,34,8,2,37,319,1);
SELECT MAX(ID) AS ID FROM TOOLTECHNIQUE_KA_PG;
SELECT ID FROM TOOLTECHNIQUE WHERE NAME ='Expert judgement';
SELECT MAX(ORDERID) AS ORDERID FROM INPUT_OUTPUT_KA_PG;
INSERT INTO TOOLTECHNIQUE_KA_PG VALUES(166,7,8,2,37,320);
SELECT MAX(ID) AS ID FROM INPUT_OUTPUT_KA_PG;
SELECT ID FROM INPUT_OUTPUT WHERE NAME ='Risk register';
SELECT MAX(ORDERID) AS ORDERID FROM INPUT_OUTPUT_KA_PG;
INSERT INTO INPUT_OUTPUT_KA_PG VALUES(320,42,8,2,37,320,1);
SELECT MAX(ID) AS ID FROM INPUT_OUTPUT_KA_PG;
SELECT ID FROM INPUT_OUTPUT WHERE NAME ='Enterprise environmental factors';
SELECT MAX(ORDERID) AS ORDERID FROM INPUT_OUTPUT_KA_PG;
INSERT INTO INPUT_OUTPUT_KA_PG VALUES(321,5,8,2,37,321,1);
SELECT MAX(ID) AS ID FROM INPUT_OUTPUT_KA_PG;
SELECT ID FROM INPUT_OUTPUT WHERE NAME ='Organizational process assets';
SELECT MAX(ORDERID) AS ORDERID FROM INPUT_OUTPUT_KA_PG;
INSERT INTO INPUT_OUTPUT_KA_PG VALUES(322,6,8,2,37,322,1);
SELECT MAX(ID) AS ID FROM INPUT_OUTPUT_KA_PG;
SELECT ID FROM INPUT_OUTPUT WHERE NAME ='Risk management plan';
SELECT MAX(ORDERID) AS ORDERID FROM INPUT_OUTPUT_KA_PG;
INSERT INTO INPUT_OUTPUT_KA_PG VALUES(323,72,8,2,38,323,1);
SELECT MAX(ID) AS ID FROM INPUT_OUTPUT_KA_PG;
SELECT ID FROM INPUT_OUTPUT WHERE NAME ='Project management plan updates';
SELECT MAX(ORDERID) AS ORDERID FROM INPUT_OUTPUT_KA_PG;
INSERT INTO INPUT_OUTPUT_KA_PG VALUES(324,13,8,2,38,324,0);
SELECT MAX(ID) AS ID FROM TOOLTECHNIQUE_KA_PG;
SELECT ID FROM TOOLTECHNIQUE WHERE NAME ='Strategies for negative risks or threats';
SELECT MAX(ID) AS ID FROM TOOLTECHNIQUE;
INSERT INTO TOOLTECHNIQUE VALUES(101,'Strategies for negative risks or threats');
SELECT MAX(ORDERID) AS ORDERID FROM INPUT_OUTPUT_KA_PG;
INSERT INTO TOOLTECHNIQUE_KA_PG VALUES(167,101,8,2,38,325);
SELECT MAX(ID) AS ID FROM INPUT_OUTPUT_KA_PG;
SELECT ID FROM INPUT_OUTPUT WHERE NAME ='Risk register';
SELECT MAX(ORDERID) AS ORDERID FROM INPUT_OUTPUT_KA_PG;
INSERT INTO INPUT_OUTPUT_KA_PG VALUES(325,42,8,2,38,325,1);
SELECT MAX(ID) AS ID FROM INPUT_OUTPUT_KA_PG;
SELECT ID FROM INPUT_OUTPUT WHERE NAME ='Project document updates';
SELECT MAX(ORDERID) AS ORDERID FROM INPUT_OUTPUT_KA_PG;
INSERT INTO INPUT_OUTPUT_KA_PG VALUES(326,14,8,2,38,326,0);
SELECT MAX(ID) AS ID FROM TOOLTECHNIQUE_KA_PG;
SELECT ID FROM TOOLTECHNIQUE WHERE NAME ='Strategies for positive risks or opportunities';
SELECT MAX(ID) AS ID FROM TOOLTECHNIQUE;
INSERT INTO TOOLTECHNIQUE VALUES(102,'Strategies for positive risks or opportunities');
SELECT MAX(ORDERID) AS ORDERID FROM INPUT_OUTPUT_KA_PG;
INSERT INTO TOOLTECHNIQUE_KA_PG VALUES(168,102,8,2,38,327);
SELECT MAX(ID) AS ID FROM TOOLTECHNIQUE_KA_PG;
SELECT ID FROM TOOLTECHNIQUE WHERE NAME ='Contingent response startegies';
SELECT MAX(ID) AS ID FROM TOOLTECHNIQUE;
INSERT INTO TOOLTECHNIQUE VALUES(103,'Contingent response startegies');
SELECT MAX(ORDERID) AS ORDERID FROM INPUT_OUTPUT_KA_PG;
INSERT INTO TOOLTECHNIQUE_KA_PG VALUES(169,103,8,2,38,327);
SELECT MAX(ID) AS ID FROM TOOLTECHNIQUE_KA_PG;
SELECT ID FROM TOOLTECHNIQUE WHERE NAME ='Expert judgement';
SELECT MAX(ORDERID) AS ORDERID FROM INPUT_OUTPUT_KA_PG;
INSERT INTO TOOLTECHNIQUE_KA_PG VALUES(170,7,8,2,38,327);
SELECT MAX(ID) AS ID FROM INPUT_OUTPUT_KA_PG;
SELECT ID FROM INPUT_OUTPUT WHERE NAME ='Project management plan';
SELECT MAX(ORDERID) AS ORDERID FROM INPUT_OUTPUT_KA_PG;
INSERT INTO INPUT_OUTPUT_KA_PG VALUES(327,7,8,4,39,327,1);
SELECT MAX(ID) AS ID FROM INPUT_OUTPUT_KA_PG;
SELECT ID FROM INPUT_OUTPUT WHERE NAME ='Work performance information';
SELECT MAX(ORDERID) AS ORDERID FROM INPUT_OUTPUT_KA_PG;
INSERT INTO INPUT_OUTPUT_KA_PG VALUES(328,19,8,4,39,328,0);
SELECT MAX(ID) AS ID FROM TOOLTECHNIQUE_KA_PG;
SELECT ID FROM TOOLTECHNIQUE WHERE NAME ='Risk reassessment';
SELECT MAX(ID) AS ID FROM TOOLTECHNIQUE;
INSERT INTO TOOLTECHNIQUE VALUES(104,'Risk reassessment');
SELECT MAX(ORDERID) AS ORDERID FROM INPUT_OUTPUT_KA_PG;
INSERT INTO TOOLTECHNIQUE_KA_PG VALUES(171,104,8,4,39,329);
SELECT MAX(ID) AS ID FROM INPUT_OUTPUT_KA_PG;
SELECT ID FROM INPUT_OUTPUT WHERE NAME ='Risk register';
SELECT MAX(ORDERID) AS ORDERID FROM INPUT_OUTPUT_KA_PG;
INSERT INTO INPUT_OUTPUT_KA_PG VALUES(329,42,8,4,39,329,1);
SELECT MAX(ID) AS ID FROM INPUT_OUTPUT_KA_PG;
SELECT ID FROM INPUT_OUTPUT WHERE NAME ='Change requests';
SELECT MAX(ORDERID) AS ORDERID FROM INPUT_OUTPUT_KA_PG;
INSERT INTO INPUT_OUTPUT_KA_PG VALUES(330,12,8,4,39,330,0);
SELECT MAX(ID) AS ID FROM TOOLTECHNIQUE_KA_PG;
SELECT ID FROM TOOLTECHNIQUE WHERE NAME ='Risk audits';
SELECT MAX(ID) AS ID FROM TOOLTECHNIQUE;
INSERT INTO TOOLTECHNIQUE VALUES(105,'Risk audits');
SELECT MAX(ORDERID) AS ORDERID FROM INPUT_OUTPUT_KA_PG;
INSERT INTO TOOLTECHNIQUE_KA_PG VALUES(172,105,8,4,39,331);
SELECT MAX(ID) AS ID FROM INPUT_OUTPUT_KA_PG;
SELECT ID FROM INPUT_OUTPUT WHERE NAME ='Work performance data';
SELECT MAX(ORDERID) AS ORDERID FROM INPUT_OUTPUT_KA_PG;
INSERT INTO INPUT_OUTPUT_KA_PG VALUES(331,11,8,4,39,331,1);
SELECT MAX(ID) AS ID FROM INPUT_OUTPUT_KA_PG;
SELECT ID FROM INPUT_OUTPUT WHERE NAME ='Project management plan updates';
SELECT MAX(ORDERID) AS ORDERID FROM INPUT_OUTPUT_KA_PG;
INSERT INTO INPUT_OUTPUT_KA_PG VALUES(332,13,8,4,39,332,0);
SELECT MAX(ID) AS ID FROM TOOLTECHNIQUE_KA_PG;
SELECT ID FROM TOOLTECHNIQUE WHERE NAME ='Variance and trend analysis';
SELECT MAX(ID) AS ID FROM TOOLTECHNIQUE;
INSERT INTO TOOLTECHNIQUE VALUES(106,'Variance and trend analysis');
SELECT MAX(ORDERID) AS ORDERID FROM INPUT_OUTPUT_KA_PG;
INSERT INTO TOOLTECHNIQUE_KA_PG VALUES(173,106,8,4,39,333);
SELECT MAX(ID) AS ID FROM INPUT_OUTPUT_KA_PG;
SELECT ID FROM INPUT_OUTPUT WHERE NAME ='Work perfromance reports';
SELECT MAX(ID) AS ID FROM INPUT_OUTPUT;
INSERT INTO INPUT_OUTPUT VALUES(74,'Work perfromance reports');
SELECT MAX(ORDERID) AS ORDERID FROM INPUT_OUTPUT_KA_PG;
INSERT INTO INPUT_OUTPUT_KA_PG VALUES(333,74,8,4,39,333,1);
SELECT MAX(ID) AS ID FROM INPUT_OUTPUT_KA_PG;
SELECT ID FROM INPUT_OUTPUT WHERE NAME ='Project document updates';
SELECT MAX(ORDERID) AS ORDERID FROM INPUT_OUTPUT_KA_PG;
INSERT INTO INPUT_OUTPUT_KA_PG VALUES(334,14,8,4,39,334,0);
SELECT MAX(ID) AS ID FROM TOOLTECHNIQUE_KA_PG;
SELECT ID FROM TOOLTECHNIQUE WHERE NAME ='Technical performance measurement';
SELECT MAX(ID) AS ID FROM TOOLTECHNIQUE;
INSERT INTO TOOLTECHNIQUE VALUES(107,'Technical performance measurement');
SELECT MAX(ORDERID) AS ORDERID FROM INPUT_OUTPUT_KA_PG;
INSERT INTO TOOLTECHNIQUE_KA_PG VALUES(174,107,8,4,39,335);
SELECT MAX(ID) AS ID FROM INPUT_OUTPUT_KA_PG;
SELECT ID FROM INPUT_OUTPUT WHERE NAME ='Organizational process assets updates';
SELECT MAX(ORDERID) AS ORDERID FROM INPUT_OUTPUT_KA_PG;
INSERT INTO INPUT_OUTPUT_KA_PG VALUES(335,23,8,4,39,335,0);
SELECT MAX(ID) AS ID FROM TOOLTECHNIQUE_KA_PG;
SELECT ID FROM TOOLTECHNIQUE WHERE NAME ='Reserve analysis';
SELECT MAX(ORDERID) AS ORDERID FROM INPUT_OUTPUT_KA_PG;
INSERT INTO TOOLTECHNIQUE_KA_PG VALUES(175,35,8,4,39,336);
SELECT MAX(ID) AS ID FROM TOOLTECHNIQUE_KA_PG;
SELECT ID FROM TOOLTECHNIQUE WHERE NAME ='Meetings';
SELECT MAX(ORDERID) AS ORDERID FROM INPUT_OUTPUT_KA_PG;
INSERT INTO TOOLTECHNIQUE_KA_PG VALUES(176,4,8,4,39,336);
SELECT MAX(ID) AS ID FROM INPUT_OUTPUT_KA_PG;
SELECT ID FROM INPUT_OUTPUT WHERE NAME ='Project management plan';
SELECT MAX(ORDERID) AS ORDERID FROM INPUT_OUTPUT_KA_PG;
INSERT INTO INPUT_OUTPUT_KA_PG VALUES(336,7,9,2,40,336,1);
SELECT MAX(ID) AS ID FROM INPUT_OUTPUT_KA_PG;
SELECT ID FROM INPUT_OUTPUT WHERE NAME ='Procurement management plan';
SELECT MAX(ID) AS ID FROM INPUT_OUTPUT;
INSERT INTO INPUT_OUTPUT VALUES(75,'Procurement management plan');
SELECT MAX(ORDERID) AS ORDERID FROM INPUT_OUTPUT_KA_PG;
INSERT INTO INPUT_OUTPUT_KA_PG VALUES(337,75,9,2,40,337,0);
SELECT MAX(ID) AS ID FROM TOOLTECHNIQUE_KA_PG;
SELECT ID FROM TOOLTECHNIQUE WHERE NAME ='Make or buy analysis';
SELECT MAX(ID) AS ID FROM TOOLTECHNIQUE;
INSERT INTO TOOLTECHNIQUE VALUES(108,'Make or buy analysis');
SELECT MAX(ORDERID) AS ORDERID FROM INPUT_OUTPUT_KA_PG;
INSERT INTO TOOLTECHNIQUE_KA_PG VALUES(177,108,9,2,40,338);
SELECT MAX(ID) AS ID FROM INPUT_OUTPUT_KA_PG;
SELECT ID FROM INPUT_OUTPUT WHERE NAME ='Requirements documentation';
SELECT MAX(ORDERID) AS ORDERID FROM INPUT_OUTPUT_KA_PG;
INSERT INTO INPUT_OUTPUT_KA_PG VALUES(338,27,9,2,40,338,1);
SELECT MAX(ID) AS ID FROM INPUT_OUTPUT_KA_PG;
SELECT ID FROM INPUT_OUTPUT WHERE NAME ='Procurement statement of work';
SELECT MAX(ID) AS ID FROM INPUT_OUTPUT;
INSERT INTO INPUT_OUTPUT VALUES(76,'Procurement statement of work');
SELECT MAX(ORDERID) AS ORDERID FROM INPUT_OUTPUT_KA_PG;
INSERT INTO INPUT_OUTPUT_KA_PG VALUES(339,76,9,2,40,339,0);
SELECT MAX(ID) AS ID FROM TOOLTECHNIQUE_KA_PG;
SELECT ID FROM TOOLTECHNIQUE WHERE NAME ='Expert judgement';
SELECT MAX(ORDERID) AS ORDERID FROM INPUT_OUTPUT_KA_PG;
INSERT INTO TOOLTECHNIQUE_KA_PG VALUES(178,7,9,2,40,340);
SELECT MAX(ID) AS ID FROM INPUT_OUTPUT_KA_PG;
SELECT ID FROM INPUT_OUTPUT WHERE NAME ='Risk register';
SELECT MAX(ORDERID) AS ORDERID FROM INPUT_OUTPUT_KA_PG;
INSERT INTO INPUT_OUTPUT_KA_PG VALUES(340,42,9,2,40,340,1);
SELECT MAX(ID) AS ID FROM INPUT_OUTPUT_KA_PG;
SELECT ID FROM INPUT_OUTPUT WHERE NAME ='Procurement documents';
SELECT MAX(ORDERID) AS ORDERID FROM INPUT_OUTPUT_KA_PG;
INSERT INTO INPUT_OUTPUT_KA_PG VALUES(341,73,9,2,40,341,0);
SELECT MAX(ID) AS ID FROM TOOLTECHNIQUE_KA_PG;
SELECT ID FROM TOOLTECHNIQUE WHERE NAME ='Market research';
SELECT MAX(ID) AS ID FROM TOOLTECHNIQUE;
INSERT INTO TOOLTECHNIQUE VALUES(109,'Market research');
SELECT MAX(ORDERID) AS ORDERID FROM INPUT_OUTPUT_KA_PG;
INSERT INTO TOOLTECHNIQUE_KA_PG VALUES(179,109,9,2,40,342);
SELECT MAX(ID) AS ID FROM INPUT_OUTPUT_KA_PG;
SELECT ID FROM INPUT_OUTPUT WHERE NAME ='Activity resource requirements';
SELECT MAX(ORDERID) AS ORDERID FROM INPUT_OUTPUT_KA_PG;
INSERT INTO INPUT_OUTPUT_KA_PG VALUES(342,39,9,2,40,342,1);
SELECT MAX(ID) AS ID FROM INPUT_OUTPUT_KA_PG;
SELECT ID FROM INPUT_OUTPUT WHERE NAME ='Source selection criteria';
SELECT MAX(ID) AS ID FROM INPUT_OUTPUT;
INSERT INTO INPUT_OUTPUT VALUES(77,'Source selection criteria');
SELECT MAX(ORDERID) AS ORDERID FROM INPUT_OUTPUT_KA_PG;
INSERT INTO INPUT_OUTPUT_KA_PG VALUES(343,77,9,2,40,343,0);
SELECT MAX(ID) AS ID FROM TOOLTECHNIQUE_KA_PG;
SELECT ID FROM TOOLTECHNIQUE WHERE NAME ='Meetings';
SELECT MAX(ORDERID) AS ORDERID FROM INPUT_OUTPUT_KA_PG;
INSERT INTO TOOLTECHNIQUE_KA_PG VALUES(180,4,9,2,40,344);
SELECT MAX(ID) AS ID FROM INPUT_OUTPUT_KA_PG;
SELECT ID FROM INPUT_OUTPUT WHERE NAME ='Project schedule';
SELECT MAX(ORDERID) AS ORDERID FROM INPUT_OUTPUT_KA_PG;
INSERT INTO INPUT_OUTPUT_KA_PG VALUES(344,46,9,2,40,344,1);
SELECT MAX(ID) AS ID FROM INPUT_OUTPUT_KA_PG;
SELECT ID FROM INPUT_OUTPUT WHERE NAME ='Make or buy decisions';
SELECT MAX(ID) AS ID FROM INPUT_OUTPUT;
INSERT INTO INPUT_OUTPUT VALUES(78,'Make or buy decisions');
SELECT MAX(ORDERID) AS ORDERID FROM INPUT_OUTPUT_KA_PG;
INSERT INTO INPUT_OUTPUT_KA_PG VALUES(345,78,9,2,40,345,0);
SELECT MAX(ID) AS ID FROM INPUT_OUTPUT_KA_PG;
SELECT ID FROM INPUT_OUTPUT WHERE NAME ='Activity cost estimates';
SELECT MAX(ORDERID) AS ORDERID FROM INPUT_OUTPUT_KA_PG;
INSERT INTO INPUT_OUTPUT_KA_PG VALUES(346,43,9,2,40,346,1);
SELECT MAX(ID) AS ID FROM INPUT_OUTPUT_KA_PG;
SELECT ID FROM INPUT_OUTPUT WHERE NAME ='Change requests';
SELECT MAX(ORDERID) AS ORDERID FROM INPUT_OUTPUT_KA_PG;
INSERT INTO INPUT_OUTPUT_KA_PG VALUES(347,12,9,2,40,347,0);
SELECT MAX(ID) AS ID FROM INPUT_OUTPUT_KA_PG;
SELECT ID FROM INPUT_OUTPUT WHERE NAME ='Stakeholder register';
SELECT MAX(ORDERID) AS ORDERID FROM INPUT_OUTPUT_KA_PG;
INSERT INTO INPUT_OUTPUT_KA_PG VALUES(348,30,9,2,40,348,1);
SELECT MAX(ID) AS ID FROM INPUT_OUTPUT_KA_PG;
SELECT ID FROM INPUT_OUTPUT WHERE NAME ='Project document updates';
SELECT MAX(ORDERID) AS ORDERID FROM INPUT_OUTPUT_KA_PG;
INSERT INTO INPUT_OUTPUT_KA_PG VALUES(349,14,9,2,40,349,0);
SELECT MAX(ID) AS ID FROM INPUT_OUTPUT_KA_PG;
SELECT ID FROM INPUT_OUTPUT WHERE NAME ='Enterprise environmental factors';
SELECT MAX(ORDERID) AS ORDERID FROM INPUT_OUTPUT_KA_PG;
INSERT INTO INPUT_OUTPUT_KA_PG VALUES(350,5,9,2,40,350,1);
SELECT MAX(ID) AS ID FROM INPUT_OUTPUT_KA_PG;
SELECT ID FROM INPUT_OUTPUT WHERE NAME ='Organizational process assets';
SELECT MAX(ORDERID) AS ORDERID FROM INPUT_OUTPUT_KA_PG;
INSERT INTO INPUT_OUTPUT_KA_PG VALUES(351,6,9,2,40,351,1);
SELECT MAX(ID) AS ID FROM INPUT_OUTPUT_KA_PG;
SELECT ID FROM INPUT_OUTPUT WHERE NAME ='Procurement management plan';
SELECT MAX(ORDERID) AS ORDERID FROM INPUT_OUTPUT_KA_PG;
INSERT INTO INPUT_OUTPUT_KA_PG VALUES(352,75,9,3,41,352,1);
SELECT MAX(ID) AS ID FROM INPUT_OUTPUT_KA_PG;
SELECT ID FROM INPUT_OUTPUT WHERE NAME ='Selected sellers';
SELECT MAX(ID) AS ID FROM INPUT_OUTPUT;
INSERT INTO INPUT_OUTPUT VALUES(79,'Selected sellers');
SELECT MAX(ORDERID) AS ORDERID FROM INPUT_OUTPUT_KA_PG;
INSERT INTO INPUT_OUTPUT_KA_PG VALUES(353,79,9,3,41,353,0);
SELECT MAX(ID) AS ID FROM TOOLTECHNIQUE_KA_PG;
SELECT ID FROM TOOLTECHNIQUE WHERE NAME ='Bidder conference';
SELECT MAX(ID) AS ID FROM TOOLTECHNIQUE;
INSERT INTO TOOLTECHNIQUE VALUES(110,'Bidder conference');
SELECT MAX(ORDERID) AS ORDERID FROM INPUT_OUTPUT_KA_PG;
INSERT INTO TOOLTECHNIQUE_KA_PG VALUES(181,110,9,3,41,354);
SELECT MAX(ID) AS ID FROM INPUT_OUTPUT_KA_PG;
SELECT ID FROM INPUT_OUTPUT WHERE NAME ='Procurement documents';
SELECT MAX(ORDERID) AS ORDERID FROM INPUT_OUTPUT_KA_PG;
INSERT INTO INPUT_OUTPUT_KA_PG VALUES(354,73,9,3,41,354,1);
SELECT MAX(ID) AS ID FROM INPUT_OUTPUT_KA_PG;
SELECT ID FROM INPUT_OUTPUT WHERE NAME ='Agreements';
SELECT MAX(ORDERID) AS ORDERID FROM INPUT_OUTPUT_KA_PG;
INSERT INTO INPUT_OUTPUT_KA_PG VALUES(355,4,9,3,41,355,0);
SELECT MAX(ID) AS ID FROM TOOLTECHNIQUE_KA_PG;
SELECT ID FROM TOOLTECHNIQUE WHERE NAME ='Proposal evaluation techniques';
SELECT MAX(ID) AS ID FROM TOOLTECHNIQUE;
INSERT INTO TOOLTECHNIQUE VALUES(111,'Proposal evaluation techniques');
SELECT MAX(ORDERID) AS ORDERID FROM INPUT_OUTPUT_KA_PG;
INSERT INTO TOOLTECHNIQUE_KA_PG VALUES(182,111,9,3,41,356);
SELECT MAX(ID) AS ID FROM INPUT_OUTPUT_KA_PG;
SELECT ID FROM INPUT_OUTPUT WHERE NAME ='Source selection criteria';
SELECT MAX(ORDERID) AS ORDERID FROM INPUT_OUTPUT_KA_PG;
INSERT INTO INPUT_OUTPUT_KA_PG VALUES(356,77,9,3,41,356,1);
SELECT MAX(ID) AS ID FROM INPUT_OUTPUT_KA_PG;
SELECT ID FROM INPUT_OUTPUT WHERE NAME ='Resource calendars';
SELECT MAX(ORDERID) AS ORDERID FROM INPUT_OUTPUT_KA_PG;
INSERT INTO INPUT_OUTPUT_KA_PG VALUES(357,41,9,3,41,357,0);
SELECT MAX(ID) AS ID FROM TOOLTECHNIQUE_KA_PG;
SELECT ID FROM TOOLTECHNIQUE WHERE NAME ='Independent estimates';
SELECT MAX(ID) AS ID FROM TOOLTECHNIQUE;
INSERT INTO TOOLTECHNIQUE VALUES(112,'Independent estimates');
SELECT MAX(ORDERID) AS ORDERID FROM INPUT_OUTPUT_KA_PG;
INSERT INTO TOOLTECHNIQUE_KA_PG VALUES(183,112,9,3,41,358);
SELECT MAX(ID) AS ID FROM INPUT_OUTPUT_KA_PG;
SELECT ID FROM INPUT_OUTPUT WHERE NAME ='Seller proposals';
SELECT MAX(ID) AS ID FROM INPUT_OUTPUT;
INSERT INTO INPUT_OUTPUT VALUES(80,'Seller proposals');
SELECT MAX(ORDERID) AS ORDERID FROM INPUT_OUTPUT_KA_PG;
INSERT INTO INPUT_OUTPUT_KA_PG VALUES(358,80,9,3,41,358,1);
SELECT MAX(ID) AS ID FROM INPUT_OUTPUT_KA_PG;
SELECT ID FROM INPUT_OUTPUT WHERE NAME ='Change requests';
SELECT MAX(ORDERID) AS ORDERID FROM INPUT_OUTPUT_KA_PG;
INSERT INTO INPUT_OUTPUT_KA_PG VALUES(359,12,9,3,41,359,0);
SELECT MAX(ID) AS ID FROM TOOLTECHNIQUE_KA_PG;
SELECT ID FROM TOOLTECHNIQUE WHERE NAME ='Expert judgement';
SELECT MAX(ORDERID) AS ORDERID FROM INPUT_OUTPUT_KA_PG;
INSERT INTO TOOLTECHNIQUE_KA_PG VALUES(184,7,9,3,41,360);
SELECT MAX(ID) AS ID FROM INPUT_OUTPUT_KA_PG;
SELECT ID FROM INPUT_OUTPUT WHERE NAME ='Project documents';
SELECT MAX(ORDERID) AS ORDERID FROM INPUT_OUTPUT_KA_PG;
INSERT INTO INPUT_OUTPUT_KA_PG VALUES(360,62,9,3,41,360,1);
SELECT MAX(ID) AS ID FROM INPUT_OUTPUT_KA_PG;
SELECT ID FROM INPUT_OUTPUT WHERE NAME ='Project management plan updates';
SELECT MAX(ORDERID) AS ORDERID FROM INPUT_OUTPUT_KA_PG;
INSERT INTO INPUT_OUTPUT_KA_PG VALUES(361,13,9,3,41,361,0);
SELECT MAX(ID) AS ID FROM TOOLTECHNIQUE_KA_PG;
SELECT ID FROM TOOLTECHNIQUE WHERE NAME ='Advertising';
SELECT MAX(ID) AS ID FROM TOOLTECHNIQUE;
INSERT INTO TOOLTECHNIQUE VALUES(113,'Advertising');
SELECT MAX(ORDERID) AS ORDERID FROM INPUT_OUTPUT_KA_PG;
INSERT INTO TOOLTECHNIQUE_KA_PG VALUES(185,113,9,3,41,362);
SELECT MAX(ID) AS ID FROM INPUT_OUTPUT_KA_PG;
SELECT ID FROM INPUT_OUTPUT WHERE NAME ='Make or buy decisions';
SELECT MAX(ORDERID) AS ORDERID FROM INPUT_OUTPUT_KA_PG;
INSERT INTO INPUT_OUTPUT_KA_PG VALUES(362,78,9,3,41,362,1);
SELECT MAX(ID) AS ID FROM INPUT_OUTPUT_KA_PG;
SELECT ID FROM INPUT_OUTPUT WHERE NAME ='Project document updates';
SELECT MAX(ORDERID) AS ORDERID FROM INPUT_OUTPUT_KA_PG;
INSERT INTO INPUT_OUTPUT_KA_PG VALUES(363,14,9,3,41,363,0);
SELECT MAX(ID) AS ID FROM TOOLTECHNIQUE_KA_PG;
SELECT ID FROM TOOLTECHNIQUE WHERE NAME ='Analytical techniques';
SELECT MAX(ORDERID) AS ORDERID FROM INPUT_OUTPUT_KA_PG;
INSERT INTO TOOLTECHNIQUE_KA_PG VALUES(186,5,9,3,41,364);
SELECT MAX(ID) AS ID FROM INPUT_OUTPUT_KA_PG;
SELECT ID FROM INPUT_OUTPUT WHERE NAME ='Procurement statement of work';
SELECT MAX(ORDERID) AS ORDERID FROM INPUT_OUTPUT_KA_PG;
INSERT INTO INPUT_OUTPUT_KA_PG VALUES(364,76,9,3,41,364,1);
SELECT MAX(ID) AS ID FROM TOOLTECHNIQUE_KA_PG;
SELECT ID FROM TOOLTECHNIQUE WHERE NAME ='Procurement negotiations';
SELECT MAX(ID) AS ID FROM TOOLTECHNIQUE;
INSERT INTO TOOLTECHNIQUE VALUES(114,'Procurement negotiations');
SELECT MAX(ORDERID) AS ORDERID FROM INPUT_OUTPUT_KA_PG;
INSERT INTO TOOLTECHNIQUE_KA_PG VALUES(187,114,9,3,41,365);
SELECT MAX(ID) AS ID FROM INPUT_OUTPUT_KA_PG;
SELECT ID FROM INPUT_OUTPUT WHERE NAME ='Organizational process assets';
SELECT MAX(ORDERID) AS ORDERID FROM INPUT_OUTPUT_KA_PG;
INSERT INTO INPUT_OUTPUT_KA_PG VALUES(365,6,9,3,41,365,1);
SELECT MAX(ID) AS ID FROM INPUT_OUTPUT_KA_PG;
SELECT ID FROM INPUT_OUTPUT WHERE NAME ='Procurement management plan';
SELECT MAX(ORDERID) AS ORDERID FROM INPUT_OUTPUT_KA_PG;
INSERT INTO INPUT_OUTPUT_KA_PG VALUES(366,75,9,3,42,366,1);
SELECT MAX(ID) AS ID FROM INPUT_OUTPUT_KA_PG;
SELECT ID FROM INPUT_OUTPUT WHERE NAME ='Work performance information';
SELECT MAX(ORDERID) AS ORDERID FROM INPUT_OUTPUT_KA_PG;
INSERT INTO INPUT_OUTPUT_KA_PG VALUES(367,19,9,3,42,367,0);
SELECT MAX(ID) AS ID FROM TOOLTECHNIQUE_KA_PG;
SELECT ID FROM TOOLTECHNIQUE WHERE NAME ='Contract change control system';
SELECT MAX(ID) AS ID FROM TOOLTECHNIQUE;
INSERT INTO TOOLTECHNIQUE VALUES(115,'Contract change control system');
SELECT MAX(ORDERID) AS ORDERID FROM INPUT_OUTPUT_KA_PG;
INSERT INTO TOOLTECHNIQUE_KA_PG VALUES(188,115,9,3,42,368);
SELECT MAX(ID) AS ID FROM INPUT_OUTPUT_KA_PG;
SELECT ID FROM INPUT_OUTPUT WHERE NAME ='Procurement documents';
SELECT MAX(ORDERID) AS ORDERID FROM INPUT_OUTPUT_KA_PG;
INSERT INTO INPUT_OUTPUT_KA_PG VALUES(368,73,9,3,42,368,1);
SELECT MAX(ID) AS ID FROM INPUT_OUTPUT_KA_PG;
SELECT ID FROM INPUT_OUTPUT WHERE NAME ='Change requests';
SELECT MAX(ORDERID) AS ORDERID FROM INPUT_OUTPUT_KA_PG;
INSERT INTO INPUT_OUTPUT_KA_PG VALUES(369,12,9,3,42,369,0);
SELECT MAX(ID) AS ID FROM TOOLTECHNIQUE_KA_PG;
SELECT ID FROM TOOLTECHNIQUE WHERE NAME ='Procurement performance reviews';
SELECT MAX(ID) AS ID FROM TOOLTECHNIQUE;
INSERT INTO TOOLTECHNIQUE VALUES(116,'Procurement performance reviews');
SELECT MAX(ORDERID) AS ORDERID FROM INPUT_OUTPUT_KA_PG;
INSERT INTO TOOLTECHNIQUE_KA_PG VALUES(189,116,9,3,42,370);
SELECT MAX(ID) AS ID FROM INPUT_OUTPUT_KA_PG;
SELECT ID FROM INPUT_OUTPUT WHERE NAME ='Agreements';
SELECT MAX(ORDERID) AS ORDERID FROM INPUT_OUTPUT_KA_PG;
INSERT INTO INPUT_OUTPUT_KA_PG VALUES(370,4,9,3,42,370,1);
SELECT MAX(ID) AS ID FROM INPUT_OUTPUT_KA_PG;
SELECT ID FROM INPUT_OUTPUT WHERE NAME ='Project management plan updates';
SELECT MAX(ORDERID) AS ORDERID FROM INPUT_OUTPUT_KA_PG;
INSERT INTO INPUT_OUTPUT_KA_PG VALUES(371,13,9,3,42,371,0);
SELECT MAX(ID) AS ID FROM TOOLTECHNIQUE_KA_PG;
SELECT ID FROM TOOLTECHNIQUE WHERE NAME ='Inspections and audits';
SELECT MAX(ID) AS ID FROM TOOLTECHNIQUE;
INSERT INTO TOOLTECHNIQUE VALUES(117,'Inspections and audits');
SELECT MAX(ORDERID) AS ORDERID FROM INPUT_OUTPUT_KA_PG;
INSERT INTO TOOLTECHNIQUE_KA_PG VALUES(190,117,9,3,42,372);
SELECT MAX(ID) AS ID FROM INPUT_OUTPUT_KA_PG;
SELECT ID FROM INPUT_OUTPUT WHERE NAME ='Approved change requests';
SELECT MAX(ORDERID) AS ORDERID FROM INPUT_OUTPUT_KA_PG;
INSERT INTO INPUT_OUTPUT_KA_PG VALUES(372,10,9,3,42,372,1);
SELECT MAX(ID) AS ID FROM INPUT_OUTPUT_KA_PG;
SELECT ID FROM INPUT_OUTPUT WHERE NAME ='Project document updates';
SELECT MAX(ORDERID) AS ORDERID FROM INPUT_OUTPUT_KA_PG;
INSERT INTO INPUT_OUTPUT_KA_PG VALUES(373,14,9,3,42,373,0);
SELECT MAX(ID) AS ID FROM TOOLTECHNIQUE_KA_PG;
SELECT ID FROM TOOLTECHNIQUE WHERE NAME ='Performance reporting';
SELECT MAX(ORDERID) AS ORDERID FROM INPUT_OUTPUT_KA_PG;
INSERT INTO TOOLTECHNIQUE_KA_PG VALUES(191,87,9,3,42,374);
SELECT MAX(ID) AS ID FROM INPUT_OUTPUT_KA_PG;
SELECT ID FROM INPUT_OUTPUT WHERE NAME ='Work performance reports';
SELECT MAX(ORDERID) AS ORDERID FROM INPUT_OUTPUT_KA_PG;
INSERT INTO INPUT_OUTPUT_KA_PG VALUES(374,16,9,3,42,374,1);
SELECT MAX(ID) AS ID FROM INPUT_OUTPUT_KA_PG;
SELECT ID FROM INPUT_OUTPUT WHERE NAME ='Organizational process assets updates';
SELECT MAX(ORDERID) AS ORDERID FROM INPUT_OUTPUT_KA_PG;
INSERT INTO INPUT_OUTPUT_KA_PG VALUES(375,23,9,3,42,375,0);
SELECT MAX(ID) AS ID FROM TOOLTECHNIQUE_KA_PG;
SELECT ID FROM TOOLTECHNIQUE WHERE NAME ='Payment systems';
SELECT MAX(ID) AS ID FROM TOOLTECHNIQUE;
INSERT INTO TOOLTECHNIQUE VALUES(118,'Payment systems');
SELECT MAX(ORDERID) AS ORDERID FROM INPUT_OUTPUT_KA_PG;
INSERT INTO TOOLTECHNIQUE_KA_PG VALUES(192,118,9,3,42,376);
SELECT MAX(ID) AS ID FROM INPUT_OUTPUT_KA_PG;
SELECT ID FROM INPUT_OUTPUT WHERE NAME ='Work performance data';
SELECT MAX(ORDERID) AS ORDERID FROM INPUT_OUTPUT_KA_PG;
INSERT INTO INPUT_OUTPUT_KA_PG VALUES(376,11,9,3,42,376,1);
SELECT MAX(ID) AS ID FROM TOOLTECHNIQUE_KA_PG;
SELECT ID FROM TOOLTECHNIQUE WHERE NAME ='Claims administration';
SELECT MAX(ID) AS ID FROM TOOLTECHNIQUE;
INSERT INTO TOOLTECHNIQUE VALUES(119,'Claims administration');
SELECT MAX(ORDERID) AS ORDERID FROM INPUT_OUTPUT_KA_PG;
INSERT INTO TOOLTECHNIQUE_KA_PG VALUES(193,119,9,3,42,377);
SELECT MAX(ID) AS ID FROM TOOLTECHNIQUE_KA_PG;
SELECT ID FROM TOOLTECHNIQUE WHERE NAME ='Records management system';
SELECT MAX(ID) AS ID FROM TOOLTECHNIQUE;
INSERT INTO TOOLTECHNIQUE VALUES(120,'Records management system');
SELECT MAX(ORDERID) AS ORDERID FROM INPUT_OUTPUT_KA_PG;
INSERT INTO TOOLTECHNIQUE_KA_PG VALUES(194,120,9,3,42,377);
SELECT MAX(ID) AS ID FROM INPUT_OUTPUT_KA_PG;
SELECT ID FROM INPUT_OUTPUT WHERE NAME ='Project management plan';
SELECT MAX(ORDERID) AS ORDERID FROM INPUT_OUTPUT_KA_PG;
INSERT INTO INPUT_OUTPUT_KA_PG VALUES(377,7,9,4,43,377,1);
SELECT MAX(ID) AS ID FROM INPUT_OUTPUT_KA_PG;
SELECT ID FROM INPUT_OUTPUT WHERE NAME ='Closed procurements';
SELECT MAX(ID) AS ID FROM INPUT_OUTPUT;
INSERT INTO INPUT_OUTPUT VALUES(81,'Closed procurements');
SELECT MAX(ORDERID) AS ORDERID FROM INPUT_OUTPUT_KA_PG;
INSERT INTO INPUT_OUTPUT_KA_PG VALUES(378,81,9,4,43,378,0);
SELECT MAX(ID) AS ID FROM TOOLTECHNIQUE_KA_PG;
SELECT ID FROM TOOLTECHNIQUE WHERE NAME ='Procurement audits';
SELECT MAX(ID) AS ID FROM TOOLTECHNIQUE;
INSERT INTO TOOLTECHNIQUE VALUES(121,'Procurement audits');
SELECT MAX(ORDERID) AS ORDERID FROM INPUT_OUTPUT_KA_PG;
INSERT INTO TOOLTECHNIQUE_KA_PG VALUES(195,121,9,4,43,379);
SELECT MAX(ID) AS ID FROM INPUT_OUTPUT_KA_PG;
SELECT ID FROM INPUT_OUTPUT WHERE NAME ='Procurement documents';
SELECT MAX(ORDERID) AS ORDERID FROM INPUT_OUTPUT_KA_PG;
INSERT INTO INPUT_OUTPUT_KA_PG VALUES(379,73,9,4,43,379,1);
SELECT MAX(ID) AS ID FROM INPUT_OUTPUT_KA_PG;
SELECT ID FROM INPUT_OUTPUT WHERE NAME ='Organizational process assets updates';
SELECT MAX(ORDERID) AS ORDERID FROM INPUT_OUTPUT_KA_PG;
INSERT INTO INPUT_OUTPUT_KA_PG VALUES(380,23,9,4,43,380,0);
SELECT MAX(ID) AS ID FROM TOOLTECHNIQUE_KA_PG;
SELECT ID FROM TOOLTECHNIQUE WHERE NAME ='Procurement negotiations';
SELECT MAX(ORDERID) AS ORDERID FROM INPUT_OUTPUT_KA_PG;
INSERT INTO TOOLTECHNIQUE_KA_PG VALUES(196,114,9,4,43,381);
SELECT MAX(ID) AS ID FROM TOOLTECHNIQUE_KA_PG;
SELECT ID FROM TOOLTECHNIQUE WHERE NAME ='Records management system';
SELECT MAX(ORDERID) AS ORDERID FROM INPUT_OUTPUT_KA_PG;
INSERT INTO TOOLTECHNIQUE_KA_PG VALUES(197,120,9,4,43,381);
SELECT MAX(ID) AS ID FROM INPUT_OUTPUT_KA_PG;
SELECT ID FROM INPUT_OUTPUT WHERE NAME ='Project charter';
SELECT MAX(ORDERID) AS ORDERID FROM INPUT_OUTPUT_KA_PG;
INSERT INTO INPUT_OUTPUT_KA_PG VALUES(381,2,10,1,44,381,1);
SELECT MAX(ID) AS ID FROM INPUT_OUTPUT_KA_PG;
SELECT ID FROM INPUT_OUTPUT WHERE NAME ='Stakeholder register';
SELECT MAX(ORDERID) AS ORDERID FROM INPUT_OUTPUT_KA_PG;
INSERT INTO INPUT_OUTPUT_KA_PG VALUES(382,30,10,1,44,382,0);
SELECT MAX(ID) AS ID FROM TOOLTECHNIQUE_KA_PG;
SELECT ID FROM TOOLTECHNIQUE WHERE NAME ='Stakeholder analysis';
SELECT MAX(ID) AS ID FROM TOOLTECHNIQUE;
INSERT INTO TOOLTECHNIQUE VALUES(122,'Stakeholder analysis');
SELECT MAX(ORDERID) AS ORDERID FROM INPUT_OUTPUT_KA_PG;
INSERT INTO TOOLTECHNIQUE_KA_PG VALUES(198,122,10,1,44,383);
SELECT MAX(ID) AS ID FROM INPUT_OUTPUT_KA_PG;
SELECT ID FROM INPUT_OUTPUT WHERE NAME ='Procurement documents';
SELECT MAX(ORDERID) AS ORDERID FROM INPUT_OUTPUT_KA_PG;
INSERT INTO INPUT_OUTPUT_KA_PG VALUES(383,73,10,1,44,383,1);
SELECT MAX(ID) AS ID FROM TOOLTECHNIQUE_KA_PG;
SELECT ID FROM TOOLTECHNIQUE WHERE NAME ='Expert judgement';
SELECT MAX(ORDERID) AS ORDERID FROM INPUT_OUTPUT_KA_PG;
INSERT INTO TOOLTECHNIQUE_KA_PG VALUES(199,7,10,1,44,384);
SELECT MAX(ID) AS ID FROM INPUT_OUTPUT_KA_PG;
SELECT ID FROM INPUT_OUTPUT WHERE NAME ='Enterprise environmental factors';
SELECT MAX(ORDERID) AS ORDERID FROM INPUT_OUTPUT_KA_PG;
INSERT INTO INPUT_OUTPUT_KA_PG VALUES(384,5,10,1,44,384,1);
SELECT MAX(ID) AS ID FROM TOOLTECHNIQUE_KA_PG;
SELECT ID FROM TOOLTECHNIQUE WHERE NAME ='Meetings';
SELECT MAX(ORDERID) AS ORDERID FROM INPUT_OUTPUT_KA_PG;
INSERT INTO TOOLTECHNIQUE_KA_PG VALUES(200,4,10,1,44,385);
SELECT MAX(ID) AS ID FROM INPUT_OUTPUT_KA_PG;
SELECT ID FROM INPUT_OUTPUT WHERE NAME ='Organizational process assets';
SELECT MAX(ORDERID) AS ORDERID FROM INPUT_OUTPUT_KA_PG;
INSERT INTO INPUT_OUTPUT_KA_PG VALUES(385,6,10,1,44,385,1);
SELECT MAX(ID) AS ID FROM INPUT_OUTPUT_KA_PG;
SELECT ID FROM INPUT_OUTPUT WHERE NAME ='Project management plan';
SELECT MAX(ORDERID) AS ORDERID FROM INPUT_OUTPUT_KA_PG;
INSERT INTO INPUT_OUTPUT_KA_PG VALUES(386,7,10,2,45,386,1);
SELECT MAX(ID) AS ID FROM INPUT_OUTPUT_KA_PG;
SELECT ID FROM INPUT_OUTPUT WHERE NAME ='Stakeholder management plan';
SELECT MAX(ORDERID) AS ORDERID FROM INPUT_OUTPUT_KA_PG;
INSERT INTO INPUT_OUTPUT_KA_PG VALUES(387,29,10,2,45,387,0);
SELECT MAX(ID) AS ID FROM TOOLTECHNIQUE_KA_PG;
SELECT ID FROM TOOLTECHNIQUE WHERE NAME ='Expert judgement';
SELECT MAX(ORDERID) AS ORDERID FROM INPUT_OUTPUT_KA_PG;
INSERT INTO TOOLTECHNIQUE_KA_PG VALUES(201,7,10,2,45,388);
SELECT MAX(ID) AS ID FROM INPUT_OUTPUT_KA_PG;
SELECT ID FROM INPUT_OUTPUT WHERE NAME ='Stakeholder register';
SELECT MAX(ORDERID) AS ORDERID FROM INPUT_OUTPUT_KA_PG;
INSERT INTO INPUT_OUTPUT_KA_PG VALUES(388,30,10,2,45,388,1);
SELECT MAX(ID) AS ID FROM INPUT_OUTPUT_KA_PG;
SELECT ID FROM INPUT_OUTPUT WHERE NAME ='Project document updates';
SELECT MAX(ORDERID) AS ORDERID FROM INPUT_OUTPUT_KA_PG;
INSERT INTO INPUT_OUTPUT_KA_PG VALUES(389,14,10,2,45,389,0);
SELECT MAX(ID) AS ID FROM TOOLTECHNIQUE_KA_PG;
SELECT ID FROM TOOLTECHNIQUE WHERE NAME ='Meetings';
SELECT MAX(ORDERID) AS ORDERID FROM INPUT_OUTPUT_KA_PG;
INSERT INTO TOOLTECHNIQUE_KA_PG VALUES(202,4,10,2,45,390);
SELECT MAX(ID) AS ID FROM INPUT_OUTPUT_KA_PG;
SELECT ID FROM INPUT_OUTPUT WHERE NAME ='Enterprise environmental factors';
SELECT MAX(ORDERID) AS ORDERID FROM INPUT_OUTPUT_KA_PG;
INSERT INTO INPUT_OUTPUT_KA_PG VALUES(390,5,10,2,45,390,1);
SELECT MAX(ID) AS ID FROM TOOLTECHNIQUE_KA_PG;
SELECT ID FROM TOOLTECHNIQUE WHERE NAME ='Analytical techniques';
SELECT MAX(ORDERID) AS ORDERID FROM INPUT_OUTPUT_KA_PG;
INSERT INTO TOOLTECHNIQUE_KA_PG VALUES(203,5,10,2,45,391);
SELECT MAX(ID) AS ID FROM INPUT_OUTPUT_KA_PG;
SELECT ID FROM INPUT_OUTPUT WHERE NAME ='Organizational process assets';
SELECT MAX(ORDERID) AS ORDERID FROM INPUT_OUTPUT_KA_PG;
INSERT INTO INPUT_OUTPUT_KA_PG VALUES(391,6,10,2,45,391,1);
SELECT MAX(ID) AS ID FROM INPUT_OUTPUT_KA_PG;
SELECT ID FROM INPUT_OUTPUT WHERE NAME ='Stakeholder management plan';
SELECT MAX(ORDERID) AS ORDERID FROM INPUT_OUTPUT_KA_PG;
INSERT INTO INPUT_OUTPUT_KA_PG VALUES(392,29,10,3,46,392,1);
SELECT MAX(ID) AS ID FROM INPUT_OUTPUT_KA_PG;
SELECT ID FROM INPUT_OUTPUT WHERE NAME ='Issue log';
SELECT MAX(ID) AS ID FROM INPUT_OUTPUT;
INSERT INTO INPUT_OUTPUT VALUES(82,'Issue log');
SELECT MAX(ORDERID) AS ORDERID FROM INPUT_OUTPUT_KA_PG;
INSERT INTO INPUT_OUTPUT_KA_PG VALUES(393,82,10,3,46,393,0);
SELECT MAX(ID) AS ID FROM TOOLTECHNIQUE_KA_PG;
SELECT ID FROM TOOLTECHNIQUE WHERE NAME ='Communication methods';
SELECT MAX(ORDERID) AS ORDERID FROM INPUT_OUTPUT_KA_PG;
INSERT INTO TOOLTECHNIQUE_KA_PG VALUES(204,85,10,3,46,394);
SELECT MAX(ID) AS ID FROM INPUT_OUTPUT_KA_PG;
SELECT ID FROM INPUT_OUTPUT WHERE NAME ='Communications management plan';
SELECT MAX(ORDERID) AS ORDERID FROM INPUT_OUTPUT_KA_PG;
INSERT INTO INPUT_OUTPUT_KA_PG VALUES(394,69,10,3,46,394,1);
SELECT MAX(ID) AS ID FROM INPUT_OUTPUT_KA_PG;
SELECT ID FROM INPUT_OUTPUT WHERE NAME ='Change requests';
SELECT MAX(ORDERID) AS ORDERID FROM INPUT_OUTPUT_KA_PG;
INSERT INTO INPUT_OUTPUT_KA_PG VALUES(395,12,10,3,46,395,0);
SELECT MAX(ID) AS ID FROM TOOLTECHNIQUE_KA_PG;
SELECT ID FROM TOOLTECHNIQUE WHERE NAME ='Interpersonal skills';
SELECT MAX(ORDERID) AS ORDERID FROM INPUT_OUTPUT_KA_PG;
INSERT INTO TOOLTECHNIQUE_KA_PG VALUES(205,71,10,3,46,396);
SELECT MAX(ID) AS ID FROM INPUT_OUTPUT_KA_PG;
SELECT ID FROM INPUT_OUTPUT WHERE NAME ='Change log';
SELECT MAX(ORDERID) AS ORDERID FROM INPUT_OUTPUT_KA_PG;
INSERT INTO INPUT_OUTPUT_KA_PG VALUES(396,20,10,3,46,396,1);
SELECT MAX(ID) AS ID FROM INPUT_OUTPUT_KA_PG;
SELECT ID FROM INPUT_OUTPUT WHERE NAME ='Project management plan updates';
SELECT MAX(ORDERID) AS ORDERID FROM INPUT_OUTPUT_KA_PG;
INSERT INTO INPUT_OUTPUT_KA_PG VALUES(397,13,10,3,46,397,0);
SELECT MAX(ID) AS ID FROM TOOLTECHNIQUE_KA_PG;
SELECT ID FROM TOOLTECHNIQUE WHERE NAME ='Management skills';
SELECT MAX(ID) AS ID FROM TOOLTECHNIQUE;
INSERT INTO TOOLTECHNIQUE VALUES(123,'Management skills');
SELECT MAX(ORDERID) AS ORDERID FROM INPUT_OUTPUT_KA_PG;
INSERT INTO TOOLTECHNIQUE_KA_PG VALUES(206,123,10,3,46,398);
SELECT MAX(ID) AS ID FROM INPUT_OUTPUT_KA_PG;
SELECT ID FROM INPUT_OUTPUT WHERE NAME ='Organizational process assets';
SELECT MAX(ORDERID) AS ORDERID FROM INPUT_OUTPUT_KA_PG;
INSERT INTO INPUT_OUTPUT_KA_PG VALUES(398,6,10,3,46,398,1);
SELECT MAX(ID) AS ID FROM INPUT_OUTPUT_KA_PG;
SELECT ID FROM INPUT_OUTPUT WHERE NAME ='Project document updates';
SELECT MAX(ORDERID) AS ORDERID FROM INPUT_OUTPUT_KA_PG;
INSERT INTO INPUT_OUTPUT_KA_PG VALUES(399,14,10,3,46,399,0);
SELECT MAX(ID) AS ID FROM INPUT_OUTPUT_KA_PG;
SELECT ID FROM INPUT_OUTPUT WHERE NAME ='Organizational process assets updates';
SELECT MAX(ORDERID) AS ORDERID FROM INPUT_OUTPUT_KA_PG;
INSERT INTO INPUT_OUTPUT_KA_PG VALUES(400,23,10,3,46,400,0);
SELECT MAX(ID) AS ID FROM INPUT_OUTPUT_KA_PG;
SELECT ID FROM INPUT_OUTPUT WHERE NAME ='Project management plan';
SELECT MAX(ORDERID) AS ORDERID FROM INPUT_OUTPUT_KA_PG;
INSERT INTO INPUT_OUTPUT_KA_PG VALUES(401,7,10,4,47,401,1);
SELECT MAX(ID) AS ID FROM INPUT_OUTPUT_KA_PG;
SELECT ID FROM INPUT_OUTPUT WHERE NAME ='Work performance information';
SELECT MAX(ORDERID) AS ORDERID FROM INPUT_OUTPUT_KA_PG;
INSERT INTO INPUT_OUTPUT_KA_PG VALUES(402,19,10,4,47,402,0);
SELECT MAX(ID) AS ID FROM TOOLTECHNIQUE_KA_PG;
SELECT ID FROM TOOLTECHNIQUE WHERE NAME ='Information management systems';
SELECT MAX(ORDERID) AS ORDERID FROM INPUT_OUTPUT_KA_PG;
INSERT INTO TOOLTECHNIQUE_KA_PG VALUES(207,86,10,4,47,403);
SELECT MAX(ID) AS ID FROM INPUT_OUTPUT_KA_PG;
SELECT ID FROM INPUT_OUTPUT WHERE NAME ='Issue Log';
SELECT MAX(ORDERID) AS ORDERID FROM INPUT_OUTPUT_KA_PG;
INSERT INTO INPUT_OUTPUT_KA_PG VALUES(403,68,10,4,47,403,1);
SELECT MAX(ID) AS ID FROM INPUT_OUTPUT_KA_PG;
SELECT ID FROM INPUT_OUTPUT WHERE NAME ='Change requests';
SELECT MAX(ORDERID) AS ORDERID FROM INPUT_OUTPUT_KA_PG;
INSERT INTO INPUT_OUTPUT_KA_PG VALUES(404,12,10,4,47,404,0);
SELECT MAX(ID) AS ID FROM TOOLTECHNIQUE_KA_PG;
SELECT ID FROM TOOLTECHNIQUE WHERE NAME ='Expert judgement';
SELECT MAX(ORDERID) AS ORDERID FROM INPUT_OUTPUT_KA_PG;
INSERT INTO TOOLTECHNIQUE_KA_PG VALUES(208,7,10,4,47,405);
SELECT MAX(ID) AS ID FROM INPUT_OUTPUT_KA_PG;
SELECT ID FROM INPUT_OUTPUT WHERE NAME ='Work performance data';
SELECT MAX(ORDERID) AS ORDERID FROM INPUT_OUTPUT_KA_PG;
INSERT INTO INPUT_OUTPUT_KA_PG VALUES(405,11,10,4,47,405,1);
SELECT MAX(ID) AS ID FROM INPUT_OUTPUT_KA_PG;
SELECT ID FROM INPUT_OUTPUT WHERE NAME ='Project management plan updates';
SELECT MAX(ORDERID) AS ORDERID FROM INPUT_OUTPUT_KA_PG;
INSERT INTO INPUT_OUTPUT_KA_PG VALUES(406,13,10,4,47,406,0);
SELECT MAX(ID) AS ID FROM TOOLTECHNIQUE_KA_PG;
SELECT ID FROM TOOLTECHNIQUE WHERE NAME ='Meetings';
SELECT MAX(ORDERID) AS ORDERID FROM INPUT_OUTPUT_KA_PG;
INSERT INTO TOOLTECHNIQUE_KA_PG VALUES(209,4,10,4,47,407);
SELECT MAX(ID) AS ID FROM INPUT_OUTPUT_KA_PG;
SELECT ID FROM INPUT_OUTPUT WHERE NAME ='Project documents';
SELECT MAX(ORDERID) AS ORDERID FROM INPUT_OUTPUT_KA_PG;
INSERT INTO INPUT_OUTPUT_KA_PG VALUES(407,62,10,4,47,407,1);
SELECT MAX(ID) AS ID FROM INPUT_OUTPUT_KA_PG;
SELECT ID FROM INPUT_OUTPUT WHERE NAME ='Project document updates';
SELECT MAX(ORDERID) AS ORDERID FROM INPUT_OUTPUT_KA_PG;
INSERT INTO INPUT_OUTPUT_KA_PG VALUES(408,14,10,4,47,408,0);
SELECT MAX(ID) AS ID FROM INPUT_OUTPUT_KA_PG;
SELECT ID FROM INPUT_OUTPUT WHERE NAME ='Organizational process assets updates';
SELECT MAX(ORDERID) AS ORDERID FROM INPUT_OUTPUT_KA_PG;
INSERT INTO INPUT_OUTPUT_KA_PG VALUES(409,23,10,4,47,409,0);

COMMIT;